run_id,row_number,seed_name,display_name,is_author,invalid_reason,match_status,qid,canonical_name,birth,death,open_library_id,confidence,match_reason,resolved_by,duplicate_of
20261004T193309Z-145f67,1,Gabriel García Márquez,Gabriel García Márquez,true,,matched,Q5878,Gabriel García Márquez,1927-03-06,2014-04-17,OL4586796A,0.98,top score 98.0 and margin 66.3 meet the thresholds,rule,
20261004T193309Z-145f67,2,Isabel Allende,Isabel Allende,true,,matched,Q83566,Isabel Allende,1942-08-02,,OL228079A,0.98,top score 98.0 and margin 32.6 meet the thresholds,rule,
20261004T193309Z-145f67,3,Jorge Luis Borges,Jorge Luis Borges,true,,matched,Q909,Jorge Luis Borges,1899-08-24,1986-06-14,OL18928A,0.98,top score 98.0 and margin 37.0 meet the thresholds,rule,
20261004T193309Z-145f67,4,Julio Cortázar,Julio Cortázar,true,,matched,Q174210,Julio Cortázar,1914-08-26,1984-02-12,OL2631008A,0.977,top score 97.7 and margin 73.1 meet the thresholds,rule,
20261004T193309Z-145f67,5,Mario Vargas Llosa,Mario Vargas Llosa,true,,matched,Q39803,Mario Vargas Llosa,1936-03-28,2025-04-13,OL74490A,0.98,top score 98.0 and margin 98.0 meet the thresholds,rule,
20261004T193309Z-145f67,6,Miguel de Cervantes,Miguel de Cervantes,true,,matched,Q5682,Miguel de Cervantes Saavedra,1547-09-29,1616-04-22,OL676237A,0.98,top score 98.0 and margin 39.4 meet the thresholds,rule,
20261004T193309Z-145f67,7,Federico García Lorca,Federico García Lorca,true,,matched,Q41408,Federico García Lorca,1898-06-05,1936-08-18,OL4280920A,0.98,top score 98.0 and margin 13.5 meet the thresholds,rule,
20261004T193309Z-145f67,8,Benito Pérez Galdós,Benito Pérez Galdós,true,,matched,Q189869,Benito Pérez Galdós,1843-05-10,1920-01-04,OL68704A,0.972,top score 97.2 and margin 45.1 meet the thresholds,rule,
20261004T193309Z-145f67,9,Emilia Pardo Bazán,Emilia Pardo Bazán,true,,matched,Q275929,Emilia Pardo Bazán,1851-09-16,1921-05-12,OL49026A,0.963,top score 96.3 and margin 96.3 meet the thresholds,rule,
20261004T193309Z-145f67,10,Rosalía de Castro,Rosalía de Castro,true,,matched,Q464264,Rosalía de Castro,1837-02-23,1885-07-22,OL123396A,0.968,top score 96.8 and margin 49.1 meet the thresholds,rule,
20261004T193309Z-145f67,11,Mercè Rodoreda,Mercè Rodoreda,true,,matched,Q234663,Mercè Rodoreda i Gurguí,1908-10-10,1983-04-13,OL66969A,0.968,top score 96.8 and margin 96.8 meet the thresholds,rule,
20261004T193309Z-145f67,12,Carmen Laforet,Carmen Laforet,true,,matched,Q269123,Carmen Laforet,1921-09-06,2004-02-28,OL133731A,0.959,top score 95.9 and margin 95.9 meet the thresholds,rule,
20261004T193309Z-145f67,13,Camilo José Cela,Camilo José Cela,true,,matched,Q132589,Camilo José Cela,1916-05-11,2002-01-17,OL83751A,0.783,top score 97.9 but margin 9.3 is below 10.0; the model chose Q132589: The birth year and death year match the seed name's information.,slm,
20261004T193309Z-145f67,14,Arturo Pérez-Reverte,Arturo Pérez-Reverte,true,,matched,Q155106,Arturo Pérez-Reverte,1951-11-25,,OL2661154A,0.964,top score 96.4 and margin 37.6 meet the thresholds,rule,
20261004T193309Z-145f67,15,Almudena Grandes,Almudena Grandes,true,,matched,Q274348,Almudena Grandes,1960-05-07,2021-11-27,OL340785A,0.96,top score 96.0 and margin 96.0 meet the thresholds,rule,
20261004T193309Z-145f67,16,Carlos Ruiz Zafón,Carlos Ruiz Zafón,true,,matched,Q296752,Carlos Ruiz Zafón,1964-09-25,2020-06-19,OL2632116A,0.969,top score 96.9 and margin 96.9 meet the thresholds,rule,
20261004T193309Z-145f67,17,Juan Gómez-Jurado,Juan Gómez-Jurado,true,,matched,Q1634870,Juan Gómez-Jurado,1977-12-16,,OL2660318A,0.954,top score 95.4 and margin 95.4 meet the thresholds,rule,
20261004T193309Z-145f67,18,José Saramago,José Saramago,true,,matched,Q37060,José Saramago,1922-11-16,2010-06-18,OL3112635A,0.98,top score 98.0 and margin 98.0 meet the thresholds,rule,
20261004T193309Z-145f67,19,Fernando Pessoa,Fernando Pessoa,true,,matched,Q173481,Fernando Pessoa,1888-06-13,1935-11-30,OL73160A,0.98,top score 98.0 and margin 24.5 meet the thresholds,rule,
20261004T193309Z-145f67,20,Pablo Neruda,Pablo Neruda,true,,matched,Q34189,Pablo Neruda,1904-07-12,1973-09-23,OL89930A,0.98,top score 98.0 and margin 39.5 meet the thresholds,rule,
20261004T193309Z-145f67,21,Gabriela Mistral,Gabriela Mistral,true,,matched,Q80871,Gabriela Mistral,1889-04-07,1957-01-10,OL41892A,0.98,top score 98.0 and margin 51.6 meet the thresholds,rule,
20261004T193309Z-145f67,22,Roberto Bolaño,Roberto Bolaño,true,,matched,Q297532,Roberto Bolaño,1953-04-28,2003-07-15,OL6493404A,0.773,top score 96.6 but margin 7.8 is below 10.0; the model chose Q297532: The candidate matches the seed name exactly and is confirmed as a Chilean author.,slm,
20261004T193309Z-145f67,23,Laura Esquivel,Laura Esquivel,true,,matched,Q230586,Laura Esquivel,1950-09-30,,OL85306A,0.964,top score 96.4 and margin 31.0 meet the thresholds,rule,
20261004T193309Z-145f67,24,Elena Poniatowska,Elena Poniatowska,true,,matched,Q261397,Elena Poniatowska,1932-05-19,,OL224043A,0.961,top score 96.1 and margin 96.1 meet the thresholds,rule,
20261004T193309Z-145f67,25,Octavio Paz,Octavio Paz,true,,matched,Q46739,Octavio Paz,1914-03-31,1998-04-19,OL60534A,0.98,top score 98.0 and margin 24.4 meet the thresholds,rule,
20261004T193309Z-145f67,26,Juan Rulfo,Juan Rulfo,true,,matched,Q200661,Juan Rulfo,1917-05-16,1986-01-07,OL199285A,0.968,top score 96.8 and margin 38.2 meet the thresholds,rule,
20261004T193309Z-145f67,27,Carlos Fuentes,Carlos Fuentes,true,,matched,Q154691,Carlos Fuentes,1928-11-11,2012-05-15,OL4333664A,0.974,top score 97.4 and margin 17.4 meet the thresholds,rule,
20261004T193309Z-145f67,28,Rosario Castellanos,Rosario Castellanos,true,,matched,Q260862,Rosario Castellanos,1925-05-25,1974-08-07,,0.813,top score 81.3 and margin 18.0 meet the thresholds,rule,
20261004T193309Z-145f67,29,Ángeles Mastretta,Ángeles Mastretta,true,,matched,Q252088,Ángeles Mastretta,1949-10-09,,OL67168A,0.955,top score 95.5 and margin 95.5 meet the thresholds,rule,
20261004T193309Z-145f67,30,Valeria Luiselli,Valeria Luiselli,true,,matched,Q15449810,Valeria Luiselli,1983-08-16,,OL7505388A,0.957,top score 95.7 and margin 95.7 meet the thresholds,rule,
20261004T193309Z-145f67,31,Mariana Enríquez,Mariana Enríquez,true,,matched,Q5997426,Mariana Enriquez,1973-12-06,,OL318873A,0.957,top score 95.7 and margin 35.0 meet the thresholds,rule,
20261004T193309Z-145f67,32,Samanta Schweblin,Samanta Schweblin,true,,matched,Q7408607,Samanta Schweblin,1978-03-08,,,0.808,top score 80.8 and margin 80.8 meet the thresholds,rule,
20261004T193309Z-145f67,33,César Aira,César Aira,true,,matched,Q166590,César Aira,1949-02-23,,OL4287831A,0.959,top score 95.9 and margin 52.1 meet the thresholds,rule,
20261004T193309Z-145f67,34,Silvina Ocampo,Silvina Ocampo,true,,matched,Q442829,Silvina Ocampo,1903-07-28,1993-12-14,OL6384107A,0.962,top score 96.2 and margin 33.4 meet the thresholds,rule,
20261004T193309Z-145f67,35,Adolfo Bioy Casares,Adolfo Bioy Casares,true,,matched,Q298035,Adolfo Bioy Casares,1914-09-15,1999-03-08,OL67141A,0.965,top score 96.5 and margin 53.0 meet the thresholds,rule,
20261004T193309Z-145f67,36,Manuel Puig,Manuel Puig,true,,matched,Q284560,Manuel Puig,1932-12-28,1990-07-22,OL26284A,0.769,top score 96.1 but margin 7.5 is below 10.0; the model chose Q284560: The candidate matches the seed name and is confirmed as an Argentine writer.,slm,
20261004T193309Z-145f67,37,Clarice Lispector,Clarice Lispector,true,,matched,Q235955,Clarice Lispector,1920-12-10,1977-12-09,OL93118A,0.969,top score 96.9 and margin 96.9 meet the thresholds,rule,
20261004T193309Z-145f67,38,Jorge Amado,Jorge Amado,true,,matched,Q184440,Jorge Amado,1912-08-10,2001-08-06,OL126038A,0.974,top score 97.4 and margin 23.9 meet the thresholds,rule,
20261004T193309Z-145f67,39,Machado de Assis,Machado de Assis,true,,matched,Q311145,Machado de Assis,1839-06-21,1908-09-29,OL93286A,0.97,top score 97.0 and margin 38.4 meet the thresholds,rule,
20261004T193309Z-145f67,40,Paulo Coelho,Paulo Coelho,true,,matched,Q12881,Paulo Coelho,1947-08-24,,OL66700A,0.98,top score 98.0 and margin 24.5 meet the thresholds,rule,
20261004T193309Z-145f67,41,Lygia Fagundes Telles,Lygia Fagundes Telles,true,,matched,Q465421,Lygia Fagundes Telles,1918-04-19,2022-04-03,,0.809,top score 80.9 and margin 80.9 meet the thresholds,rule,
20261004T193309Z-145f67,42,Graciliano Ramos,Graciliano Ramos,true,,matched,Q1392121,Graciliano Ramos,1892-10-27,1953-03-20,OL441423A,0.957,top score 95.7 and margin 95.7 meet the thresholds,rule,
20261004T193309Z-145f67,43,Érico Veríssimo,Érico Veríssimo,true,,matched,Q288501,Erico Verissimo,1905-12-17,1975-11-28,OL4709088A,0.956,top score 95.6 and margin 95.6 meet the thresholds,rule,
20261004T193309Z-145f67,44,João Guimarães Rosa,João Guimarães Rosa,true,,matched,Q13012,Guimarães Rosa,1908-06-27,1967-11-19,OL4642494A,0.962,top score 96.2 and margin 96.2 meet the thresholds,rule,
20261004T193309Z-145f67,45,José de Alencar,José de Alencar,true,,matched,Q455703,José de Alencar,1829-05-01,1877-12-12,OL161946A,0.962,top score 96.2 and margin 22.5 meet the thresholds,rule,
20261004T193309Z-145f67,46,Eça de Queirós,Eça de Queirós,true,,matched,Q316327,José Maria de Eça de Queirós,1845-11-25,1900-08-16,OL4768127A,0.967,top score 96.7 and margin 96.7 meet the thresholds,rule,
20261004T193309Z-145f67,47,Camilo Castelo Branco,Camilo Castelo Branco,true,,matched,Q365423,Camilo Castelo Branco,1825-03-16,1890-06-01,OL125798A,0.959,top score 95.9 and margin 62.8 meet the thresholds,rule,
20261004T193309Z-145f67,48,António Lobo Antunes,António Lobo Antunes,true,,matched,Q333849,António Lobo Antunes,1942-09-01,2026-03-05,OL2703312A,0.963,top score 96.3 and margin 71.7 meet the thresholds,rule,
20261004T193309Z-145f67,49,Lídia Jorge,Lídia Jorge,true,,matched,Q450913,Lídia Jorge,1946-06-18,,,0.644,top score 80.5 but margin 4.1 is below 10.0; the model chose Q450913: The candidate matches the seed name and is described as a Portuguese writer.,slm,
20261004T193309Z-145f67,50,Mia Couto,Mia Couto,true,,matched,Q382101,Mia Couto,1955-07-05,,OL85528A,0.961,top score 96.1 and margin 96.1 meet the thresholds,rule,
20261004T193309Z-145f67,51,Pepetela,Pepetela,true,,matched,Q736858,Pepetela,1941-10-19,,OL272472A,0.957,top score 95.7 and margin 95.7 meet the thresholds,rule,
20261004T193309Z-145f67,52,Luandino Vieira,Luandino Vieira,true,,matched,Q558950,José Luandino Vieira,1935-05-04,,OL655333A,0.955,top score 95.5 and margin 95.5 meet the thresholds,rule,
20261004T193309Z-145f67,53,José Eduardo Agualusa,José Eduardo Agualusa,true,,matched,Q363927,José Eduardo Agualusa,1960-12-13,,OL355897A,0.961,top score 96.1 and margin 96.1 meet the thresholds,rule,
20261004T193309Z-145f67,54,Ana María Matute,Ana María Matute,true,,matched,Q235403,Ana María Matute,1925-07-26,2014-06-25,OL89931A,0.962,top score 96.2 and margin 96.2 meet the thresholds,rule,
20261004T193309Z-145f67,55,Miguel Delibes,Miguel Delibes,true,,matched,Q157326,Miguel Delibes,1920-10-17,2010-03-12,OL136299A,0.963,top score 96.3 and margin 16.2 meet the thresholds,rule,
20261004T193309Z-145f67,56,Antonio Muñoz Molina,Antonio Muñoz Molina,true,,matched,Q450335,Antonio Muñoz Molina,1956-01-10,,OL2786532A,0.96,top score 96.0 and margin 96.0 meet the thresholds,rule,
20261004T193309Z-145f67,57,Javier Marías,Javier Marías,true,,matched,Q299161,Javier Marías,1951-09-20,2022-09-11,OL934588A,0.963,top score 96.3 and margin 25.0 meet the thresholds,rule,
20261004T193309Z-145f67,58,Enrique Vila-Matas,Enrique Vila-Matas,true,,matched,Q372313,Enrique Vila-Matas,1948-03-31,,OL263895A,0.959,top score 95.9 and margin 95.9 meet the thresholds,rule,
20261004T193309Z-145f67,59,Manuel Vázquez Montalbán,Manuel Vázquez Montalbán,true,,matched,Q316884,Manuel Vázquez Montalbán,1939-06-14,2003-10-18,OL6503876A,0.961,top score 96.1 and margin 96.1 meet the thresholds,rule,
20261004T193309Z-145f67,60,Eduardo Mendoza,Eduardo Mendoza,true,,matched,Q72541,Eduardo Mendoza Garriga,1943-01-11,,OL341406A,0.961,top score 96.1 and margin 16.0 meet the thresholds,rule,
20261004T193309Z-145f67,61,Rosa Montero,Rosa Montero,true,,matched,Q1187562,Rosa Montero,1951-01-03,,OL91941A,0.96,top score 96.0 and margin 22.4 meet the thresholds,rule,
20261004T193309Z-145f67,62,Elvira Lindo,Elvira Lindo,true,,matched,Q237058,Elvira Lindo,1962-01-23,,OL85310A,0.965,top score 96.5 and margin 96.5 meet the thresholds,rule,
20261004T193309Z-145f67,63,Carmen Martín Gaite,Carmen Martín Gaite,true,,matched,Q268582,Carmen Martín Gaite,1925-12-08,2000-07-22,OL4902525A,0.958,top score 95.8 and margin 95.8 meet the thresholds,rule,
20261004T193309Z-145f67,64,Luis Mateo Díez,Luis Mateo Díez,true,,matched,Q9025225,Luis Mateo Díez,1942-09-21,,OL202977A,0.954,top score 95.4 and margin 95.4 meet the thresholds,rule,
20261004T193309Z-145f67,65,Juan Marsé,Juan Marsé,true,,matched,Q460109,Juan Marsé,1933-01-08,2020-07-18,OL4287656A,0.96,top score 96.0 and margin 96.0 meet the thresholds,rule,
20261004T193309Z-145f67,66,Max Aub,Max Aub,true,,matched,Q356546,Max Aub,1903-06-02,1972-07-22,OL121699A,0.958,top score 95.8 and margin 40.1 meet the thresholds,rule,
20261004T193309Z-145f67,67,Ramón María del Valle-Inclán,Ramón María del Valle-Inclán,true,,matched,Q311001,Ramón María del Valle-Inclán,1866-10-28,1936-01-05,OL2355312A,0.964,top score 96.4 and margin 96.4 meet the thresholds,rule,
20261004T193309Z-145f67,68,Pío Baroja,Pío Baroja,true,,matched,Q220980,Pío Baroja Nessi,1872-12-28,1956-10-30,OL60791A,0.967,top score 96.7 and margin 22.9 meet the thresholds,rule,
20261004T193309Z-145f67,69,Azorín,Azorín,true,,matched,Q443403,José Martínez Ruiz,1873-06-08,1967-03-03,OL4280630A,0.961,top score 96.1 and margin 47.3 meet the thresholds,rule,
20261004T193309Z-145f67,70,Leopoldo Alas Clarín,Leopoldo Alas Clarín,true,,matched,Q312747,Leopoldo Alas,1852-04-25,1901-06-13,OL28169A,0.963,top score 96.3 and margin 96.3 meet the thresholds,rule,
20261004T193309Z-145f67,71,Gustavo Adolfo Bécquer,Gustavo Adolfo Bécquer,true,,matched,Q203715,Gustavo Adolfo Bécquer,1836-02-17,1870-12-22,OL3792450A,0.973,top score 97.3 and margin 58.5 meet the thresholds,rule,
20261004T193309Z-145f67,72,Francisco de Quevedo,Francisco de Quevedo,true,,matched,Q201315,Francisco Quevedo,1584-09-14,1645-09-08,OL44728A,0.975,top score 97.5 and margin 39.0 meet the thresholds,rule,
20261004T193309Z-145f67,73,Lope de Vega,Lope de Vega,true,,matched,Q165257,Lope de Vega,1562-11-25,1635-08-27,OL80534A,0.98,top score 98.0 and margin 29.9 meet the thresholds,rule,
20261004T193309Z-145f67,74,Calderón de la Barca,Calderón de la Barca,true,,matched,Q170800,Pedro Calderón de la Barca,1600-01-17,1681-05-25,OL4280652A,0.98,top score 98.0 and margin 39.1 meet the thresholds,rule,
20261004T193309Z-145f67,75,Tirso de Molina,Tirso de Molina,true,,matched,Q295598,Tirso de Molina,1583-03-24,1648-03-12,OL49131A,0.967,top score 96.7 and margin 65.1 meet the thresholds,rule,
20261004T193309Z-145f67,76,Sor Juana Inés de la Cruz,Sor Juana Inés de la Cruz,true,,matched,Q183074,Sor Juana Inés de la Cruz,1651-11-12,1695-04-17,OL117489A,0.972,top score 97.2 and margin 97.2 meet the thresholds,rule,
20261004T193309Z-145f67,77,Inca Garcilaso de la Vega,Inca Garcilaso de la Vega,true,,matched,Q334711,Inca Garcilaso de la Vega,1539-04-12,1616-04-23,OL150223A,0.773,top score 96.6 but margin 6.4 is below 10.0; the model chose Q334711: The correct name matches the seed name Inca Garcilaso de la Vega.,slm,
20261004T193309Z-145f67,78,José Martí,José Martí,true,,matched,Q103285,José Martí y Pérez,1853-01-28,1895-05-19,OL74613A,0.98,top score 98.0 and margin 18.0 meet the thresholds,rule,
20261004T193309Z-145f67,79,Rubén Darío,Rubén Darío,true,,matched,Q173767,Rubén Darío,1867-01-18,1916-02-06,OL76614A,0.973,top score 97.3 and margin 32.2 meet the thresholds,rule,
20261004T193309Z-145f67,80,Alfonsina Storni,Alfonsina Storni,true,,matched,Q238557,Alfonsina Storni,1892-05-29,1938-10-25,OL89027A,0.966,top score 96.6 and margin 96.6 meet the thresholds,rule,
20261004T193309Z-145f67,81,Alejandra Pizarnik,Alejandra Pizarnik,true,,matched,Q272441,Alejandra Pizarnik,1936-04-29,1972-09-25,OL286671A,0.963,top score 96.3 and margin 96.3 meet the thresholds,rule,
20261004T193309Z-145f67,82,Idea Vilariño,Idea Vilariño,true,,matched,Q129533,Idea Vilariño,1920-08-18,2009-04-28,,0.806,top score 80.6 and margin 80.6 meet the thresholds,rule,
20261004T193309Z-145f67,83,Mario Benedetti,Mario Benedetti,true,,matched,Q16285,Mario Benedetti,1920-09-14,2009-05-17,OL60411A,0.771,top score 96.4 but margin 1.3 is below 10.0; the model chose Q16285: The birth and death years match the seed name Mario Benedetti.,slm,
20261004T193309Z-145f67,84,Eduardo Galeano,Eduardo Galeano,true,,matched,Q44575,Eduardo Galeano,1940-09-03,2015-04-13,OL55059A,0.972,top score 97.2 and margin 23.7 meet the thresholds,rule,
20261004T193309Z-145f67,85,Juan Carlos Onetti,Juan Carlos Onetti,true,,matched,Q16873,Juan Carlos Onetti,1909-07-01,1994-05-30,OL6534402A,0.963,top score 96.3 and margin 96.3 meet the thresholds,rule,
20261004T193309Z-145f67,86,Horacio Quiroga,Horacio Quiroga,true,,matched,Q16864,Horacio Quiroga,1878-12-31,1937-02-19,OL70874A,0.962,top score 96.2 and margin 31.1 meet the thresholds,rule,
20261004T193309Z-145f67,87,José Hernández,José Hernández,true,,matched,Q377623,José Hernández,1834-11-10,1886-10-21,OL4280830A,0.961,top score 96.1 and margin 30.9 meet the thresholds,rule,
20261004T193309Z-145f67,88,Domingo Faustino Sarmiento,Domingo Faustino Sarmiento,true,,matched,Q254041,Domingo Faustino Sarmiento,1811-02-15,1888-09-11,OL117634A,0.966,top score 96.6 and margin 16.6 meet the thresholds,rule,
20261004T193309Z-145f67,89,Ricardo Güiraldes,Ricardo Güiraldes,true,,matched,Q629931,Ricardo Güiraldes,1886-02-13,1927-10-08,OL259636A,0.958,top score 95.8 and margin 95.8 meet the thresholds,rule,
20261004T193309Z-145f67,90,José Donoso,José Donoso,true,,matched,Q439761,José Donoso,1924-10-05,1996-12-07,OL4279328A,0.959,top score 95.9 and margin 22.4 meet the thresholds,rule,
20261004T193309Z-145f67,91,Diamela Eltit,Diamela Eltit,true,,matched,Q2032745,Diamela Eltit,1947-08-24,,OL41938A,0.955,top score 95.5 and margin 71.6 meet the thresholds,rule,
20261004T193309Z-145f67,92,Nicanor Parra,Nicanor Parra,true,,matched,Q360832,Nicanor Parra,1914-09-05,2018-01-23,OL199135A,0.965,top score 96.5 and margin 96.5 meet the thresholds,rule,
20261004T193309Z-145f67,93,Vicente Huidobro,Vicente Huidobro,true,,matched,Q117018,Vicente Huidobro,1893-01-10,1948-01-02,OL256110A,0.96,top score 96.0 and margin 49.8 meet the thresholds,rule,
20261004T193309Z-145f67,94,Roberto Arlt,Roberto Arlt,true,,matched,Q188838,Roberto Arlt,1900-04-26,1942-07-26,OL182043A,0.958,top score 95.8 and margin 95.8 meet the thresholds,rule,
20261004T193309Z-145f67,95,Ernesto Sabato,Ernesto Sabato,true,,matched,Q186630,Ernesto Sabato,1911-06-24,2011-04-30,OL2748652A,0.972,top score 97.2 and margin 97.2 meet the thresholds,rule,
20261004T193309Z-145f67,96,Manuel Rivas,Manuel Rivas,true,,matched,Q2320966,Manuel Rivas,1957-10-26,,OL91235A,0.957,top score 95.7 and margin 22.2 meet the thresholds,rule,
20261004T193309Z-145f67,97,Suso de Toro,Suso de Toro,true,,matched,Q2881513,Suso de Toro,1956-01-10,,OL5318052A,0.953,top score 95.3 and margin 95.3 meet the thresholds,rule,
20261004T193309Z-145f67,98,Bernardo Atxaga,Bernardo Atxaga,true,,matched,Q221771,Bernardo Atxaga,1951-07-27,,OL261016A,0.961,top score 96.1 and margin 96.1 meet the thresholds,rule,
20261004T193309Z-145f67,99,Kirmen Uribe,Kirmen Uribe,true,,matched,Q605664,Kirmen Uribe,1970-10-05,,,0.804,top score 80.4 and margin 80.4 meet the thresholds,rule,
20261004T193309Z-145f67,100,Ildefonso Falcones,Ildefonso Falcones,true,,matched,Q555888,Ildefonso Falcones,1959-01-01,,OL3203942A,0.957,top score 95.7 and margin 95.7 meet the thresholds,rule,
20261004T193309Z-145f67,101,J. K. Rowling,J. K. Rowling,true,,matched,Q34660,J. K. Rowling,1965-07-31,,OL23919A,0.98,top score 98.0 and margin 47.4 meet the thresholds,rule,
20261004T193309Z-145f67,102,Robert Galbraith,Robert Galbraith,true,,matched,Q34660,J. K. Rowling,1965-07-31,,OL23919A,0.98,top score 98.0 and margin 24.3 meet the thresholds,rule,J. K. Rowling
20261004T193309Z-145f67,103,George Orwell,George Orwell,true,,matched,Q3335,George Orwell,1903-06-25,1950-01-21,OL118077A,0.98,top score 98.0 and margin 39.5 meet the thresholds,rule,
20261004T193309Z-145f67,104,Mary Shelley,Mary Shelley,true,,matched,Q47152,Mary Shelley,1797-08-30,1851-02-01,OL25342A,0.98,top score 98.0 and margin 32.9 meet the thresholds,rule,
20261004T193309Z-145f67,105,Jane Austen,Jane Austen,true,,matched,Q36322,Jane Austen,1775-12-16,1817-07-18,OL21594A,0.784,top score 98.0 but margin 9.3 is below 10.0; the model chose Q36322: The candidate matches the seed name exactly and is known to be the author of books such as Pride and Prejudice.,slm,
20261004T193309Z-145f67,106,Charles Dickens,Charles Dickens,true,,matched,Q5686,Charles Dickens,1812-02-07,1870-06-09,OL24638A,0.784,top score 98.0 but margin 2.8 is below 10.0; the model chose Q5686: The candidate matches the seed name and is known to be an author of books.,slm,
20261004T193309Z-145f67,107,Virginia Woolf,Virginia Woolf,true,,matched,Q40909,Virginia Woolf,1882-01-25,1941-03-28,OL19450A,0.98,top score 98.0 and margin 28.7 meet the thresholds,rule,
20261004T193309Z-145f67,108,Agatha Christie,Agatha Christie,true,,matched,Q35064,Agatha Christie,1890-09-15,1976-01-12,OL27695A,0.98,top score 98.0 and margin 39.5 meet the thresholds,rule,
20261004T193309Z-145f67,109,Stephen King,Stephen King,true,,matched,Q39829,Stephen King,1947-09-21,,OL2162284A,0.98,top score 98.0 and margin 12.1 meet the thresholds,rule,
20261004T193309Z-145f67,110,J. R. R. Tolkien,J. R. R. Tolkien,true,,matched,Q892,J. R. R. Tolkien,1892-01-03,1973-09-02,OL26320A,0.98,top score 98.0 and margin 16.0 meet the thresholds,rule,
20261004T193309Z-145f67,111,C. S. Lewis,C. S. Lewis,true,,matched,Q9204,C. S. Lewis,1898-11-29,1963-11-22,OL31574A,0.98,top score 98.0 and margin 20.6 meet the thresholds,rule,
20261004T193309Z-145f67,112,Lewis Carroll,Lewis Carroll,true,,matched,Q38082,Lewis Carroll,1832-01-27,1898-01-14,OL22098A,0.784,top score 98.0 but margin 9.4 is below 10.0; the model chose Q38082: The birth and death years match the known information about Lewis Carroll.,slm,
20261004T193309Z-145f67,113,Charles Lutwidge Dodgson,Charles Lutwidge Dodgson,true,,matched,Q38082,Lewis Carroll,1832-01-27,1898-01-14,OL22098A,0.98,top score 98.0 and margin 98.0 meet the thresholds,rule,Lewis Carroll
20261004T193309Z-145f67,114,Mark Twain,Mark Twain,true,,matched,Q7245,Mark Twain,1835-11-30,1910-04-21,OL18319A,0.98,top score 98.0 and margin 58.9 meet the thresholds,rule,
20261004T193309Z-145f67,115,Samuel Clemens,Samuel Clemens,true,,matched,Q7245,Mark Twain,1835-11-30,1910-04-21,OL18319A,0.98,top score 98.0 and margin 33.0 meet the thresholds,rule,Mark Twain
20261004T193309Z-145f67,116,William Shakespeare,William Shakespeare,true,,matched,Q692,William Shakespeare,1564-04-00,1616-04-23,OL9388A,0.98,top score 98.0 and margin 17.8 meet the thresholds,rule,
20261004T193309Z-145f67,117,Geoffrey Chaucer,Geoffrey Chaucer,true,,matched,Q5683,Geoffrey Chaucer,1343-00-00,1400-10-25,OL37436A,0.98,top score 98.0 and margin 58.4 meet the thresholds,rule,
20261004T193309Z-145f67,118,John Milton,John Milton,true,,matched,Q79759,John Milton,1608-12-09,1674-11-08,OL68333A,0.784,top score 98.0 but margin 7.2 is below 10.0; the model chose Q79759: The candidate matches the seed name and is known as the English poet who wrote 'Paradise Lost'.,slm,
20261004T193309Z-145f67,119,Daniel Defoe,Daniel Defoe,true,,matched,Q40946,Daniel Defoe,1660-09-13,1731-04-24,OL18283A,0.98,top score 98.0 and margin 53.0 meet the thresholds,rule,
20261004T193309Z-145f67,120,Jonathan Swift,Jonathan Swift,true,,matched,Q41166,Jonathan Swift,1667-11-30,1745-10-19,OL24522A,0.98,top score 98.0 and margin 32.9 meet the thresholds,rule,
20261004T193309Z-145f67,121,Laurence Sterne,Laurence Sterne,true,,matched,Q218960,Laurence Sterne,1713-11-24,1768-03-18,OL53291A,0.973,top score 97.3 and margin 40.5 meet the thresholds,rule,
20261004T193309Z-145f67,122,Samuel Johnson,Samuel Johnson,true,,matched,Q183266,Samuel Johnson,1709-09-18,1784-12-13,OL21070A,0.784,top score 98.0 but margin 2.7 is below 10.0; the model chose Q183266: The correct lifespan and occupation match Samuel Johnson the lexicographer.,slm,
20261004T193309Z-145f67,123,Ann Radcliffe,Ann Radcliffe,true,,matched,Q231944,Ann Radcliffe,1764-07-09,1823-02-07,OL54732A,0.968,top score 96.8 and margin 23.1 meet the thresholds,rule,
20261004T193309Z-145f67,124,Walter Scott,Walter Scott,true,,matched,Q79025,Walter Scott,1771-08-15,1832-09-21,OL75235A,0.98,top score 98.0 and margin 17.7 meet the thresholds,rule,
20261004T193309Z-145f67,125,Mary Wollstonecraft,Mary Wollstonecraft,true,,matched,Q101638,Mary Wollstonecraft,1759-04-27,1797-09-10,OL73405A,0.784,top score 98.0 but margin 6.5 is below 10.0; the model chose Q101638: Mary Wollstonecraft is the author of books named by the seed name.,slm,
20261004T193309Z-145f67,126,William Blake,William Blake,true,,matched,Q41513,William Blake,1757-11-28,1827-08-12,OL41961A,0.784,top score 98.0 but margin 2.9 is below 10.0; the model chose Q41513: The birth and death years match the seed name's known dates.,slm,
20261004T193309Z-145f67,127,William Wordsworth,William Wordsworth,true,,matched,Q45546,William Wordsworth,1770-04-07,1850-04-23,OL26159A,0.98,top score 98.0 and margin 18.0 meet the thresholds,rule,
20261004T193309Z-145f67,128,Samuel Taylor Coleridge,Samuel Taylor Coleridge,true,,matched,Q82409,Samuel Taylor Coleridge,1772-10-21,1834-07-25,OL26099A,0.98,top score 98.0 and margin 23.8 meet the thresholds,rule,
20261004T193309Z-145f67,129,Lord Byron,Lord Byron,true,,matched,Q5679,Lord Byron,1788-01-22,1824-04-19,OL113143A,0.98,top score 98.0 and margin 15.2 meet the thresholds,rule,
20261004T193309Z-145f67,130,Percy Bysshe Shelley,Percy Bysshe Shelley,true,,matched,Q93343,Percy Bysshe Shelley,1792-08-04,1822-07-08,OL20743A,0.98,top score 98.0 and margin 24.4 meet the thresholds,rule,
20261004T193309Z-145f67,131,John Keats,John Keats,true,,matched,Q82083,John Keats,1795-10-31,1821-02-23,OL153488A,0.98,top score 98.0 and margin 17.9 meet the thresholds,rule,
20261004T193309Z-145f67,132,Elizabeth Barrett Browning,Elizabeth Barrett Browning,true,,matched,Q228494,Elizabeth Barrett Browning,1806-03-06,1861-06-29,OL4278548A,0.977,top score 97.7 and margin 58.1 meet the thresholds,rule,
20261004T193309Z-145f67,133,Robert Browning,Robert Browning,true,,matched,Q233265,Robert Browning,1812-05-07,1889-12-12,OL48850A,0.783,top score 97.9 but margin 2.6 is below 10.0; the model chose Q233265: The birth and death years match Robert Browning the poet.,slm,
20261004T193309Z-145f67,134,Christina Rossetti,Christina Rossetti,true,,matched,Q236596,Christina Rossetti,1830-12-05,1894-12-29,OL36807A,0.97,top score 97.0 and margin 97.0 meet the thresholds,rule,
20261004T193309Z-145f67,135,George Eliot,George Eliot,true,,matched,Q131333,George Eliot,1819-11-22,1880-12-22,OL24528A,0.98,top score 98.0 and margin 32.9 meet the thresholds,rule,
20261004T193309Z-145f67,136,Mary Ann Evans,Mary Ann Evans,true,,matched,Q131333,George Eliot,1819-11-22,1880-12-22,OL24528A,0.98,top score 98.0 and margin 32.5 meet the thresholds,rule,George Eliot
20261004T193309Z-145f67,137,Thomas Hardy,Thomas Hardy,true,,matched,Q132805,Thomas Hardy,1840-06-02,1928-01-11,OL18277A,0.784,top score 98.0 but margin 2.9 is below 10.0; the model chose Q132805: The birth and death years match the known author Thomas Hardy.,slm,
20261004T193309Z-145f67,138,Oscar Wilde,Oscar Wilde,true,,matched,Q30875,Oscar Wilde,1854-10-16,1900-11-30,OL20646A,0.784,top score 98.0 but margin 9.3 is below 10.0; the model chose Q30875: The candidate matches the seed name exactly and is known to be the author of books.,slm,
20261004T193309Z-145f67,139,Bram Stoker,Bram Stoker,true,,matched,Q36184,Bram Stoker,1847-11-08,1912-04-20,OL31727A,0.98,top score 98.0 and margin 24.4 meet the thresholds,rule,
20261004T193309Z-145f67,140,Arthur Conan Doyle,Arthur Conan Doyle,true,,matched,Q35610,Arthur Conan Doyle,1859-05-22,1930-07-07,OL2623297A,0.98,top score 98.0 and margin 29.9 meet the thresholds,rule,
20261004T193309Z-145f67,141,H. G. Wells,H. G. Wells,true,,matched,Q42511,H. G. Wells,1866-09-21,1946-08-13,OL13066A,0.98,top score 98.0 and margin 21.5 meet the thresholds,rule,
20261004T193309Z-145f67,142,Joseph Conrad,Joseph Conrad,true,,matched,Q82925,Joseph Conrad,1857-12-03,1924-08-03,OL19441A,0.98,top score 98.0 and margin 24.3 meet the thresholds,rule,
20261004T193309Z-145f67,143,Henry James,Henry James,true,,matched,Q170509,Henry James,1843-04-15,1916-02-28,OL21001A,0.784,top score 98.0 but margin 2.8 is below 10.0; the model chose Q170509: The correct Henry James is the American and British writer (1843–1916).,slm,
20261004T193309Z-145f67,144,Edith Wharton,Edith Wharton,true,,matched,Q276032,Edith Wharton,1862-01-24,1937-08-11,OL20188A,0.977,top score 97.7 and margin 39.2 meet the thresholds,rule,
20261004T193309Z-145f67,145,Willa Cather,Willa Cather,true,,matched,Q229480,Willa Cather,1873-12-07,1947-04-24,OL22583A,0.97,top score 97.0 and margin 39.3 meet the thresholds,rule,
20261004T193309Z-145f67,146,Jack London,Jack London,true,,matched,Q45765,Jack London,1876-01-12,1916-11-22,OL44633A,0.98,top score 98.0 and margin 32.5 meet the thresholds,rule,
20261004T193309Z-145f67,147,Herman Melville,Herman Melville,true,,matched,Q4985,Herman Melville,1819-08-01,1891-09-28,OL29497A,0.98,top score 98.0 and margin 39.5 meet the thresholds,rule,
20261004T193309Z-145f67,148,Nathaniel Hawthorne,Nathaniel Hawthorne,true,,matched,Q69339,Nathaniel Hawthorne,1804-07-04,1864-05-19,OL26681A,0.784,top score 98.0 but margin 9.5 is below 10.0; the model chose Q69339: The candidate matches the seed name and is an American author from the correct time period.,slm,
20261004T193309Z-145f67,149,Edgar Allan Poe,Edgar Allan Poe,true,,matched,Q16867,Edgar Allan Poe,1809-01-19,1849-10-07,OL28127A,0.98,top score 98.0 and margin 32.9 meet the thresholds,rule,
20261004T193309Z-145f67,150,Louisa May Alcott,Louisa May Alcott,true,,matched,Q185696,Louisa May Alcott,1832-11-29,1888-03-06,OL26680A,0.784,top score 98.0 but margin 9.1 is below 10.0; the model chose Q185696: The candidate matches the seed name Louisa May Alcott.,slm,
20261004T193309Z-145f67,151,Harriet Beecher Stowe,Harriet Beecher Stowe,true,,matched,Q102513,Harriet Beecher Stowe,1811-06-14,1896-07-01,OL22157A,0.98,top score 98.0 and margin 15.1 meet the thresholds,rule,
20261004T193309Z-145f67,152,Emily Dickinson,Emily Dickinson,true,,matched,Q4441,Emily Dickinson,1830-12-10,1886-05-15,OL19512A,0.98,top score 98.0 and margin 19.2 meet the thresholds,rule,
20261004T193309Z-145f67,153,Walt Whitman,Walt Whitman,true,,matched,Q81438,Walt Whitman,1819-05-31,1892-03-26,OL23178A,0.784,top score 98.0 but margin 8.4 is below 10.0; the model chose Q81438: The candidate matches the seed name and is known to be an American poet.,slm,
20261004T193309Z-145f67,154,Henry David Thoreau,Henry David Thoreau,true,,matched,Q131149,Henry David Thoreau,1817-07-12,1862-05-06,OL19690A,0.98,top score 98.0 and margin 50.1 meet the thresholds,rule,
20261004T193309Z-145f67,155,Ralph Waldo Emerson,Ralph Waldo Emerson,true,,matched,Q48226,Ralph Waldo Emerson,1803-05-25,1882-04-27,OL18405A,0.98,top score 98.0 and margin 24.2 meet the thresholds,rule,
20261004T193309Z-145f67,156,L. M. Montgomery,L. M. Montgomery,true,,matched,Q273034,Lucy Maud Montgomery,1874-11-30,1942-04-24,OL39485A,0.776,top score 97.0 but margin 6.0 is below 10.0; the model chose Q273034: The candidate matches the seed name and is a writer.,slm,
20261004T193309Z-145f67,157,Frances Hodgson Burnett,Frances Hodgson Burnett,true,,matched,Q276028,Frances Hodgson Burnett,1849-11-24,1924-10-29,OL23767A,0.972,top score 97.2 and margin 97.2 meet the thresholds,rule,
20261004T193309Z-145f67,158,Rudyard Kipling,Rudyard Kipling,true,,matched,Q34743,Rudyard Kipling,1865-12-30,1936-01-18,OL24461A,0.98,top score 98.0 and margin 22.4 meet the thresholds,rule,
20261004T193309Z-145f67,159,E. M. Forster,E. M. Forster,true,,matched,Q189119,E. M. Forster,1879-01-01,1970-06-07,OL6898863A,0.781,top score 97.6 but margin 8.5 is below 10.0; the model chose Q189119: The candidate matches the seed name E. M. Forster.,slm,
20261004T193309Z-145f67,160,D. H. Lawrence,D. H. Lawrence,true,,matched,Q34970,D. H. Lawrence,1885-09-11,1930-03-02,OL1188596A,0.98,top score 98.0 and margin 39.3 meet the thresholds,rule,
20261004T193309Z-145f67,161,James Joyce,James Joyce,true,,matched,Q6882,James Joyce,1882-02-02,1941-01-13,OL31827A,0.98,top score 98.0 and margin 24.3 meet the thresholds,rule,
20261004T193309Z-145f67,162,W. B. Yeats,W. B. Yeats,true,,matched,Q40213,William Butler Yeats,1865-06-13,1939-01-28,OL21207A,0.98,top score 98.0 and margin 25.3 meet the thresholds,rule,
20261004T193309Z-145f67,163,T. S. Eliot,T. S. Eliot,true,,matched,Q37767,T. S. Eliot,1888-09-26,1965-01-04,OL116256A,0.98,top score 98.0 and margin 32.9 meet the thresholds,rule,
20261004T193309Z-145f67,164,F. Scott Fitzgerald,F. Scott Fitzgerald,true,,matched,Q93354,F. Scott Fitzgerald,1896-09-24,1940-12-21,OL27349A,0.784,top score 98.0 but margin 8.0 is below 10.0; the model chose Q93354: The candidate matches the seed name directly and is confirmed as an author.,slm,
20261004T193309Z-145f67,165,Ernest Hemingway,Ernest Hemingway,true,,matched,Q23434,Ernest Hemingway,1899-07-21,1961-07-02,OL13640A,0.98,top score 98.0 and margin 20.9 meet the thresholds,rule,
20261004T193309Z-145f67,166,William Faulkner,William Faulkner,true,,matched,Q38392,William Faulkner,1897-09-25,1962-07-06,OL21831A,0.98,top score 98.0 and margin 32.9 meet the thresholds,rule,
20261004T193309Z-145f67,167,John Steinbeck,John Steinbeck,true,,matched,Q39212,John Steinbeck,1902-02-27,1968-12-20,OL25788A,0.98,top score 98.0 and margin 16.7 meet the thresholds,rule,
20261004T193309Z-145f67,168,Zora Neale Hurston,Zora Neale Hurston,true,,matched,Q220480,Zora Neale Hurston,1891-01-07,1960-01-28,OL226273A,0.97,top score 97.0 and margin 97.0 meet the thresholds,rule,
20261004T193309Z-145f67,169,Langston Hughes,Langston Hughes,true,,matched,Q188093,Langston Hughes,1902-02-01,1967-05-22,OL26459A,0.976,top score 97.6 and margin 24.0 meet the thresholds,rule,
20261004T193309Z-145f67,170,Richard Wright,Richard Wright,true,,matched,Q319820,Richard Wright,1908-09-04,1960-11-28,OL33621A,0.966,top score 96.6 and margin 29.9 meet the thresholds,rule,
20261004T193309Z-145f67,171,Ralph Ellison,Ralph Ellison,true,,matched,Q299965,Ralph Ellison,1914-03-01,1994-04-16,OL32983A,0.965,top score 96.5 and margin 40.1 meet the thresholds,rule,
20261004T193309Z-145f67,172,James Baldwin,James Baldwin,true,,matched,Q273210,James Baldwin,1924-08-02,1987-12-01,OL391839A,0.779,top score 97.4 but margin 2.3 is below 10.0; the model chose Q273210: The birth and death years match the seed name.,slm,
20261004T193309Z-145f67,173,Flannery O'Connor,Flannery O'Connor,true,,matched,Q234579,Flannery O'Connor,1925-03-25,1964-08-03,OL35145A,0.967,top score 96.7 and margin 96.7 meet the thresholds,rule,
20261004T193309Z-145f67,174,Shirley Jackson,Shirley Jackson,true,,matched,Q239910,Shirley Jackson,1916-12-14,1965-08-08,OL507165A,0.963,top score 96.3 and margin 22.7 meet the thresholds,rule,
20261004T193309Z-145f67,175,Sylvia Plath,Sylvia Plath,true,,matched,Q133054,Sylvia Plath,1932-10-27,1963-02-11,OL4327652A,0.98,top score 98.0 and margin 36.1 meet the thresholds,rule,
20261004T193309Z-145f67,176,Harper Lee,Harper Lee,true,,matched,Q182658,Harper Lee,1926-04-28,2016-02-19,OL498120A,0.98,top score 98.0 and margin 23.9 meet the thresholds,rule,
20261004T193309Z-145f67,177,J. D. Salinger,J. D. Salinger,true,,matched,Q79904,J. D. Salinger,1919-01-01,2010-01-27,OL540486A,0.98,top score 98.0 and margin 46.0 meet the thresholds,rule,
20261004T193309Z-145f67,178,Kurt Vonnegut,Kurt Vonnegut,true,,matched,Q49074,Kurt Vonnegut,1922-11-11,2007-04-11,OL20187A,0.98,top score 98.0 and margin 32.9 meet the thresholds,rule,
20261004T193309Z-145f67,179,Ray Bradbury,Ray Bradbury,true,,matched,Q40640,Ray Bradbury,1920-08-22,2012-06-05,OL24137A,0.98,top score 98.0 and margin 98.0 meet the thresholds,rule,
20261004T193309Z-145f67,180,Ursula K. Le Guin,Ursula K. Le Guin,true,,matched,Q181659,Ursula K. Le Guin,1929-10-21,2018-01-22,OL31353A,0.98,top score 98.0 and margin 98.0 meet the thresholds,rule,
20261004T193309Z-145f67,181,Philip K. Dick,Philip K. Dick,true,,matched,Q171091,Philip K. Dick,1928-12-16,1982-03-02,OL274606A,0.979,top score 97.9 and margin 27.9 meet the thresholds,rule,
20261004T193309Z-145f67,182,Isaac Asimov,Isaac Asimov,true,,matched,Q34981,Isaac Asimov,1920-01-02,1992-04-06,OL34221A,0.98,top score 98.0 and margin 54.0 meet the thresholds,rule,
20261004T193309Z-145f67,183,Arthur C. Clarke,Arthur C. Clarke,true,,matched,Q47087,Arthur C. Clarke,1917-12-16,2008-03-19,OL2623461A,0.98,top score 98.0 and margin 39.4 meet the thresholds,rule,
20261004T193309Z-145f67,184,Frank Herbert,Frank Herbert,true,,matched,Q7934,Frank Herbert,1920-10-08,1986-02-11,OL79034A,0.782,top score 97.8 but margin 9.3 is below 10.0; the model chose Q7934: The candidate matches the seed name and has relevant facts such as being an American writer and having an Open Library page.,slm,
20261004T193309Z-145f67,185,Octavia E. Butler,Octavia E. Butler,true,,matched,Q239739,Octavia E. Butler,1947-06-22,2006-02-24,OL30802A,0.965,top score 96.5 and margin 96.5 meet the thresholds,rule,
20261004T193309Z-145f67,186,Toni Morrison,Toni Morrison,true,,matched,Q72334,Toni Morrison,1931-02-18,2019-08-05,OL6784512A,0.98,top score 98.0 and margin 98.0 meet the thresholds,rule,
20261004T193309Z-145f67,187,Alice Walker,Alice Walker,true,,matched,Q215868,Alice Walker,1944-02-09,,OL2629213A,0.783,"top score 97.9 but margin 2.8 is below 10.0; the model chose Q215868: The birth year and active status match Alice Walker, the American author.",slm,
20261004T193309Z-145f67,188,Maya Angelou,Maya Angelou,true,,matched,Q19526,Maya Angelou,1928-04-04,2014-05-28,OL28885A,0.98,top score 98.0 and margin 98.0 meet the thresholds,rule,
20261004T193309Z-145f67,189,Joan Didion,Joan Didion,true,,matched,Q267691,Joan Didion,1934-12-05,2021-12-23,OL4441955A,0.967,top score 96.7 and margin 46.1 meet the thresholds,rule,
20261004T193309Z-145f67,190,Margaret Atwood,Margaret Atwood,true,,matched,Q183492,Margaret Atwood,1939-11-18,,OL52922A,0.784,top score 98.0 but margin 9.4 is below 10.0; the model chose Q183492: The candidate matches the seed name exactly and is a known author.,slm,
20261004T193309Z-145f67,191,Alice Munro,Alice Munro,true,,matched,Q234819,Alice Munro,1931-07-10,2024-05-13,OL82236A,0.98,top score 98.0 and margin 33.0 meet the thresholds,rule,
20261004T193309Z-145f67,192,Michael Ondaatje,Michael Ondaatje,true,,matched,Q313593,Michael Ondaatje,1943-09-12,,OL34337A,0.965,top score 96.5 and margin 96.5 meet the thresholds,rule,
20261004T193309Z-145f67,193,Salman Rushdie,Salman Rushdie,true,,matched,Q44306,Salman Rushdie,1947-06-19,,OL26769A,0.98,top score 98.0 and margin 65.4 meet the thresholds,rule,
20261004T193309Z-145f67,194,Kazuo Ishiguro,Kazuo Ishiguro,true,,matched,Q272855,Kazuo Ishiguro,1954-11-08,,OL28493A,0.98,top score 98.0 and margin 31.9 meet the thresholds,rule,
20261004T193309Z-145f67,195,Ian McEwan,Ian McEwan,true,,matched,Q190379,Ian McEwan,1948-06-21,,OL222146A,0.969,top score 96.9 and margin 45.9 meet the thresholds,rule,
20261004T193309Z-145f67,196,Hilary Mantel,Hilary Mantel,true,,matched,Q465700,Hilary Mantel,1952-07-06,2022-09-22,OL27119A,0.967,top score 96.7 and margin 77.4 meet the thresholds,rule,
20261004T193309Z-145f67,197,Zadie Smith,Zadie Smith,true,,matched,Q140052,Zadie Smith,1975-10-25,,OL30118A,0.968,top score 96.8 and margin 96.8 meet the thresholds,rule,
20261004T193309Z-145f67,198,Martin Amis,Martin Amis,true,,matched,Q310176,Martin Amis,1949-08-25,2023-05-19,OL4728950A,0.968,top score 96.8 and margin 31.8 meet the thresholds,rule,
20261004T193309Z-145f67,199,Julian Barnes,Julian Barnes,true,,matched,Q295431,Julian Barnes,1946-01-19,,OL238796A,0.775,top score 96.9 but margin 3.9 is below 10.0; the model chose Q295431: The birth year matches the seed name Julian Barnes.,slm,
20261004T193309Z-145f67,200,Jeanette Winterson,Jeanette Winterson,true,,matched,Q233584,Jeanette Winterson,1959-08-27,,OL229997A,0.963,top score 96.3 and margin 96.3 meet the thresholds,rule,
20261004T193309Z-145f67,201,A. S. Byatt,A. S. Byatt,true,,matched,Q232417,A. S. Byatt,1936-08-24,2023-11-16,OL19066A,0.967,top score 96.7 and margin 38.2 meet the thresholds,rule,
20261004T193309Z-145f67,202,Doris Lessing,Doris Lessing,true,,matched,Q40874,Doris Lessing,1919-10-22,2013-11-17,OL4356353A,0.98,top score 98.0 and margin 33.0 meet the thresholds,rule,
20261004T193309Z-145f67,203,Nadine Gordimer,Nadine Gordimer,true,,matched,Q47619,Nadine Gordimer,1923-11-20,2014-07-13,OL20580A,0.98,top score 98.0 and margin 40.2 meet the thresholds,rule,
20261004T193309Z-145f67,204,J. M. Coetzee,J. M. Coetzee,true,,matched,Q43293,J. M. Coetzee,1940-02-09,,OL33242A,0.98,top score 98.0 and margin 47.4 meet the thresholds,rule,
20261004T193309Z-145f67,205,Chinua Achebe,Chinua Achebe,true,,matched,Q155845,Chinua Achebe,1930-11-16,2013-03-21,OL4339419A,0.98,top score 98.0 and margin 98.0 meet the thresholds,rule,
20261004T193309Z-145f67,206,Ngũgĩ wa Thiong'o,Ngũgĩ wa Thiong'o,true,,matched,Q302910,Ngũgĩ wa Thiong'o,1938-01-05,2025-05-28,OL2657540A,0.975,top score 97.5 and margin 97.5 meet the thresholds,rule,
20261004T193309Z-145f67,207,Wole Soyinka,Wole Soyinka,true,,matched,Q41488,Wole Soyinka,1934-07-13,,OL67096A,0.98,top score 98.0 and margin 50.1 meet the thresholds,rule,
20261004T193309Z-145f67,208,Chimamanda Ngozi Adichie,Chimamanda Ngozi Adichie,true,,matched,Q230141,Chimamanda Ngozi Adichie,1977-09-15,,OL1393502A,0.979,top score 97.9 and margin 97.9 meet the thresholds,rule,
20261004T193309Z-145f67,209,Ben Okri,Ben Okri,true,,matched,Q315362,Ben Okri,1959-03-15,,OL81940A,0.964,top score 96.4 and margin 96.4 meet the thresholds,rule,
20261004T193309Z-145f67,210,Buchi Emecheta,Buchi Emecheta,true,,matched,Q461675,Buchi Emecheta,1944-07-21,2017-01-25,OL351778A,0.964,top score 96.4 and margin 96.4 meet the thresholds,rule,
20261004T193309Z-145f67,211,Tsitsi Dangarembga,Tsitsi Dangarembga,true,,matched,Q270837,Tsitsi Dangarembga,1959-02-14,,OL882516A,0.964,top score 96.4 and margin 96.4 meet the thresholds,rule,
20261004T193309Z-145f67,212,Yaa Gyasi,Yaa Gyasi,true,,matched,Q27757818,Yaa Gyasi,1989-00-00,,OL7400941A,0.96,top score 96.0 and margin 37.5 meet the thresholds,rule,
20261004T193309Z-145f67,213,Ta-Nehisi Coates,Ta-Nehisi Coates,true,,matched,Q15452495,Ta-Nehisi Coates,1975-09-30,,OL3379613A,0.959,top score 95.9 and margin 95.9 meet the thresholds,rule,
20261004T193309Z-145f67,214,Colson Whitehead,Colson Whitehead,true,,matched,Q509662,Colson Whitehead,1969-11-06,,OL218462A,0.962,top score 96.2 and margin 96.2 meet the thresholds,rule,
20261004T193309Z-145f67,215,Cormac McCarthy,Cormac McCarthy,true,,matched,Q272610,Cormac McCarthy,1933-07-20,2023-06-13,OL28104A,0.972,top score 97.2 and margin 32.2 meet the thresholds,rule,
20261004T193309Z-145f67,216,Don DeLillo,Don DeLillo,true,,matched,Q310048,Don DeLillo,1936-11-20,,OL230288A,0.966,top score 96.6 and margin 44.2 meet the thresholds,rule,
20261004T193309Z-145f67,217,Thomas Pynchon,Thomas Pynchon,true,,matched,Q35155,Thomas Pynchon,1937-05-08,,OL4423376A,0.973,top score 97.3 and margin 23.8 meet the thresholds,rule,
20261004T193309Z-145f67,218,David Foster Wallace,David Foster Wallace,true,,matched,Q313246,David Foster Wallace,1962-02-21,2008-09-12,OL448939A,0.967,top score 96.7 and margin 96.7 meet the thresholds,rule,
20261004T193309Z-145f67,219,Jonathan Franzen,Jonathan Franzen,true,,matched,Q316607,Jonathan Franzen,1959-08-17,,OL764502A,0.965,top score 96.5 and margin 96.5 meet the thresholds,rule,
20261004T193309Z-145f67,220,Donna Tartt,Donna Tartt,true,,matched,Q255339,Donna Tartt,1963-12-23,,OL841112A,0.968,top score 96.8 and margin 96.8 meet the thresholds,rule,
20261004T193309Z-145f67,221,Fyodor Dostoevsky,Fyodor Dostoevsky,true,,matched,Q991,Fyodor Dostoyevsky,1821-11-11,1881-01-28,OL22242A,0.98,top score 98.0 and margin 34.9 meet the thresholds,rule,
20261004T193309Z-145f67,222,Leo Tolstoy,Leo Tolstoy,true,,matched,Q7243,Leo Tolstoy,1828-08-28,1910-11-07,OL26783A,0.784,top score 98.0 but margin 8.5 is below 10.0; the model chose Q7243: The matched name and birth/death years match Leo Tolstoy.,slm,
20261004T193309Z-145f67,223,Anton Chekhov,Anton Chekhov,true,,matched,Q5685,Anton Chekhov,1860-01-17,1904-07-02,OL3156833A,0.98,top score 98.0 and margin 52.5 meet the thresholds,rule,
20261004T193309Z-145f67,224,Franz Kafka,Franz Kafka,true,,matched,Q905,Franz Kafka,1883-07-03,1924-06-03,OL33146A,0.98,top score 98.0 and margin 33.0 meet the thresholds,rule,
20261004T193309Z-145f67,225,Albert Camus,Albert Camus,true,,matched,Q34670,Albert Camus,1913-11-07,1960-01-04,OL124171A,0.98,top score 98.0 and margin 39.7 meet the thresholds,rule,
20261004T193309Z-145f67,226,Victor Hugo,Victor Hugo,true,,matched,Q535,Victor Hugo,1802-02-26,1885-05-22,OL107571A,0.784,top score 98.0 but margin 9.2 is below 10.0; the model chose Q535: The candidate matches the seed name and is known to be a French novelist.,slm,
20261004T193309Z-145f67,227,Alexandre Dumas,Alexandre Dumas,true,,matched,Q169150,Alexandre Dumas fils,1824-07-27,1895-11-27,OL3745151A,0.784,top score 98.0 but margin 0.0 is below 10.0; the model chose Q169150: The correct Alexandre Dumas was fils.,slm,
20261004T193309Z-145f67,228,Émile Zola,Émile Zola,true,,matched,Q504,Émile Zola,1840-04-02,1902-09-29,OL32772A,0.98,top score 98.0 and margin 18.4 meet the thresholds,rule,
20261004T193309Z-145f67,229,Gustave Flaubert,Gustave Flaubert,true,,matched,Q43444,Gustave Flaubert,1821-12-12,1880-05-08,OL79039A,0.98,top score 98.0 and margin 61.3 meet the thresholds,rule,
20261004T193309Z-145f67,230,Honoré de Balzac,Honoré de Balzac,true,,matched,Q9711,Honoré de Balzac,1799-05-20,1850-08-18,OL29097A,0.98,top score 98.0 and margin 17.6 meet the thresholds,rule,
20261004T193309Z-145f67,231,Stendhal,Stendhal,true,,matched,Q502,Stendhal,1783-01-23,1842-03-23,OL3547743A,0.98,top score 98.0 and margin 37.7 meet the thresholds,rule,
20261004T193309Z-145f67,232,Marcel Proust,Marcel Proust,true,,matched,Q7199,Marcel Proust,1871-07-10,1922-11-18,OL120205A,0.98,top score 98.0 and margin 32.4 meet the thresholds,rule,
20261004T193309Z-145f67,233,Jules Verne,Jules Verne,true,,matched,Q33977,Jules Verne,1828-02-08,1905-03-24,OL113611A,0.98,top score 98.0 and margin 24.4 meet the thresholds,rule,
20261004T193309Z-145f67,234,Guy de Maupassant,Guy de Maupassant,true,,matched,Q9327,Guy de Maupassant,1850-08-05,1893-07-06,OL29388A,0.98,top score 98.0 and margin 65.0 meet the thresholds,rule,
20261004T193309Z-145f67,235,Molière,Molière,true,,matched,Q687,Molière,1622-01-15,1673-02-17,OL6899222A,0.98,top score 98.0 and margin 33.0 meet the thresholds,rule,
20261004T193309Z-145f67,236,Jean Racine,Jean Racine,true,,matched,Q742,Jean Racine,1639-12-22,1699-04-21,OL60352A,0.784,top score 98.0 but margin 8.4 is below 10.0; the model chose Q742: The birth and death years match the seed name.,slm,
20261004T193309Z-145f67,237,Pierre Corneille,Pierre Corneille,true,,matched,Q747,Pierre Corneille,1606-06-06,1684-10-01,OL130779A,0.98,top score 98.0 and margin 18.0 meet the thresholds,rule,
20261004T193309Z-145f67,238,Voltaire,Voltaire,true,,matched,Q9068,Voltaire,1694-11-21,1778-05-30,OL32293A,0.98,top score 98.0 and margin 17.4 meet the thresholds,rule,
20261004T193309Z-145f67,239,Jean-Jacques Rousseau,Jean-Jacques Rousseau,true,,matched,Q6527,Jean-Jacques Rousseau,1712-06-28,1778-07-02,OL29048A,0.98,top score 98.0 and margin 17.8 meet the thresholds,rule,
20261004T193309Z-145f67,240,Denis Diderot,Denis Diderot,true,,matched,Q448,Denis Diderot,1713-10-05,1784-07-31,OL16944A,0.98,top score 98.0 and margin 37.5 meet the thresholds,rule,
20261004T193309Z-145f67,241,Simone de Beauvoir,Simone de Beauvoir,true,,matched,Q7197,Simone de Beauvoir,1908-01-09,1986-04-14,OL63285A,0.98,top score 98.0 and margin 33.5 meet the thresholds,rule,
20261004T193309Z-145f67,242,Jean-Paul Sartre,Jean-Paul Sartre,true,,matched,Q9364,Jean-Paul Sartre,1905-06-21,1980-04-15,OL117592A,0.98,top score 98.0 and margin 33.0 meet the thresholds,rule,
20261004T193309Z-145f67,243,Marguerite Duras,Marguerite Duras,true,,matched,Q153248,Marguerite Duras,1914-04-04,1996-03-03,OL45468A,0.974,top score 97.4 and margin 32.4 meet the thresholds,rule,
20261004T193309Z-145f67,244,Annie Ernaux,Annie Ernaux,true,,matched,Q1153825,Annie Ernaux,1940-09-01,,OL29466A,0.978,top score 97.8 and margin 97.8 meet the thresholds,rule,
20261004T193309Z-145f67,245,Patrick Modiano,Patrick Modiano,true,,matched,Q222944,Patrick Modiano,1945-07-30,,OL60496A,0.98,top score 98.0 and margin 53.2 meet the thresholds,rule,
20261004T193309Z-145f67,246,Michel Houellebecq,Michel Houellebecq,true,,matched,Q103114,Michel Houellebecq,1956-02-26,,OL300477A,0.975,top score 97.5 and margin 72.9 meet the thresholds,rule,
20261004T193309Z-145f67,247,Colette,Colette,true,,matched,Q218679,Colette,1873-01-28,1954-08-03,OL119715A,0.977,top score 97.7 and margin 17.2 meet the thresholds,rule,
20261004T193309Z-145f67,248,Romain Gary,Romain Gary,true,,matched,Q157322,Romain Gary,1914-05-08,1980-12-02,OL123692A,0.97,top score 97.0 and margin 38.2 meet the thresholds,rule,
20261004T193309Z-145f67,249,Émile Ajar,Émile Ajar,true,,matched,Q157322,Romain Gary,1914-05-08,1980-12-02,OL123692A,0.97,top score 97.0 and margin 97.0 meet the thresholds,rule,Romain Gary
20261004T193309Z-145f67,250,Milan Kundera,Milan Kundera,true,,matched,Q93166,Milan Kundera,1929-04-01,2023-07-11,OL4326321A,0.98,top score 98.0 and margin 40.2 meet the thresholds,rule,
20261004T193309Z-145f67,251,Bohumil Hrabal,Bohumil Hrabal,true,,matched,Q242130,Bohumil Hrabal,1914-03-28,1997-02-03,OL73209A,0.967,top score 96.7 and margin 31.7 meet the thresholds,rule,
20261004T193309Z-145f67,252,Jaroslav Hašek,Jaroslav Hašek,true,,matched,Q2754,Jaroslav Hašek,1883-04-30,1923-01-03,OL71477A,0.979,top score 97.9 and margin 32.9 meet the thresholds,rule,
20261004T193309Z-145f67,253,Karel Čapek,Karel Čapek,true,,matched,Q155855,Karel Čapek,1890-01-09,1938-12-25,OL4280557A,0.98,top score 98.0 and margin 18.0 meet the thresholds,rule,
20261004T193309Z-145f67,254,Rainer Maria Rilke,Rainer Maria Rilke,true,,matched,Q76483,Rainer Rilke,1875-12-04,1926-12-29,OL673325A,0.98,top score 98.0 and margin 32.1 meet the thresholds,rule,
20261004T193309Z-145f67,255,Johann Wolfgang von Goethe,Johann Wolfgang von Goethe,true,,matched,Q5879,Johann Wolfgang von Goethe,1749-08-28,1832-03-22,OL13193A,0.98,top score 98.0 and margin 30.4 meet the thresholds,rule,
20261004T193309Z-145f67,256,Friedrich Schiller,Friedrich Schiller,true,,matched,Q22670,Friedrich Schiller,1759-11-10,1805-05-09,OL2414180A,0.98,top score 98.0 and margin 24.4 meet the thresholds,rule,
20261004T193309Z-145f67,257,Heinrich Heine,Heinrich Heine,true,,matched,Q44403,Heinrich Heine,1797-12-13,1856-02-17,OL113829A,0.98,top score 98.0 and margin 23.5 meet the thresholds,rule,
20261004T193309Z-145f67,258,Thomas Mann,Thomas Mann,true,,matched,Q37030,Thomas Mann,1875-06-06,1955-08-12,OL22973A,0.98,top score 98.0 and margin 17.6 meet the thresholds,rule,
20261004T193309Z-145f67,259,Heinrich Mann,Heinrich Mann,true,,matched,Q76480,Heinrich Mann,1871-03-27,1950-03-11,OL125711A,0.78,top score 97.5 but margin 7.2 is below 10.0; the model chose Q76480: The seed name matches the given author's full name.,slm,
20261004T193309Z-145f67,260,Hermann Hesse,Hermann Hesse,true,,matched,Q25973,Hermann Hesse,1877-07-02,1962-08-09,OL76437A,0.98,top score 98.0 and margin 33.0 meet the thresholds,rule,
20261004T193309Z-145f67,261,Günter Grass,Günter Grass,true,,matched,Q6538,Günter Grass,1927-10-16,2015-04-13,OL28731A,0.98,top score 98.0 and margin 33.0 meet the thresholds,rule,
20261004T193309Z-145f67,262,W. G. Sebald,W. G. Sebald,true,,matched,Q76952,W. G. Sebald,1944-05-18,2001-12-14,OL34270A,0.963,top score 96.3 and margin 96.3 meet the thresholds,rule,
20261004T193309Z-145f67,263,Christa Wolf,Christa Wolf,true,,matched,Q57382,Christa Wolf,1929-03-18,2011-12-01,OL61330A,0.97,top score 97.0 and margin 32.0 meet the thresholds,rule,
20261004T193309Z-145f67,264,Elfriede Jelinek,Elfriede Jelinek,true,,matched,Q47243,Elfriede Jelinek,1946-10-20,,OL35503A,0.98,top score 98.0 and margin 57.0 meet the thresholds,rule,
20261004T193309Z-145f67,265,Stefan Zweig,Stefan Zweig,true,,matched,Q78491,Stefan Zweig,1881-11-28,1942-02-23,OL26439A,0.98,top score 98.0 and margin 23.0 meet the thresholds,rule,
20261004T193309Z-145f67,266,Arthur Schnitzler,Arthur Schnitzler,true,,matched,Q44331,Arthur Schnitzler,1862-05-15,1931-10-21,OL18374A,0.975,top score 97.5 and margin 23.5 meet the thresholds,rule,
20261004T193309Z-145f67,267,Robert Musil,Robert Musil,true,,matched,Q78487,Robert Musil,1880-11-06,1942-04-15,OL135531A,0.781,"top score 97.6 but margin 2.6 is below 10.0; the model chose Q78487: The candidate matches the seed name and is described as Austrian, which aligns with Robert Musil's nationality.",slm,
20261004T193309Z-145f67,268,Joseph Roth,Joseph Roth,true,,matched,Q78509,Joseph Roth,1894-09-02,1939-05-27,OL27272A,0.97,top score 97.0 and margin 17.0 meet the thresholds,rule,
20261004T193309Z-145f67,269,Peter Handke,Peter Handke,true,,matched,Q44107,Peter Handke,1942-12-06,,OL4331550A,0.978,top score 97.8 and margin 45.8 meet the thresholds,rule,
20261004T193309Z-145f67,270,Ingeborg Bachmann,Ingeborg Bachmann,true,,matched,Q78506,Ingeborg Bachmann,1926-06-25,1973-10-17,OL27744A,0.967,top score 96.7 and margin 16.7 meet the thresholds,rule,
20261004T193309Z-145f67,271,Herta Müller,Herta Müller,true,,matched,Q38049,Herta Müller,1953-08-17,,OL3325335A,0.98,top score 98.0 and margin 33.0 meet the thresholds,rule,
20261004T193309Z-145f67,272,Olga Tokarczuk,Olga Tokarczuk,true,,matched,Q254032,Olga Tokarczuk,1962-01-29,,OL258989A,0.98,top score 98.0 and margin 65.6 meet the thresholds,rule,
20261004T193309Z-145f67,273,Wisława Szymborska,Wisława Szymborska,true,,matched,Q42552,Wisława Szymborska,1923-07-02,2012-02-01,OL183089A,0.98,top score 98.0 and margin 46.0 meet the thresholds,rule,
20261004T193309Z-145f67,274,Czesław Miłosz,Czesław Miłosz,true,,matched,Q45970,Czesław Miłosz,1911-06-30,2004-08-14,OL44091A,0.98,top score 98.0 and margin 41.9 meet the thresholds,rule,
20261004T193309Z-145f67,275,Henryk Sienkiewicz,Henryk Sienkiewicz,true,,matched,Q41502,Henryk Sienkiewicz,1846-05-05,1916-11-15,OL33439A,0.98,top score 98.0 and margin 24.1 meet the thresholds,rule,
20261004T193309Z-145f67,276,Stanisław Lem,Stanisław Lem,true,,matched,Q6530,Stanisław Lem,1921-09-12,2006-03-27,OL29655A,0.98,top score 98.0 and margin 13.3 meet the thresholds,rule,
20261004T193309Z-145f67,277,Witold Gombrowicz,Witold Gombrowicz,true,,matched,Q275175,Witold Gombrowicz,1904-08-04,1969-07-24,OL34096A,0.968,top score 96.8 and margin 46.8 meet the thresholds,rule,
20261004T193309Z-145f67,278,Bruno Schulz,Bruno Schulz,true,,matched,Q148886,Bruno Schulz,1892-07-12,1942-11-19,OL2657678A,0.967,top score 96.7 and margin 16.5 meet the thresholds,rule,
20261004T193309Z-145f67,279,Adam Mickiewicz,Adam Mickiewicz,true,,matched,Q79822,Adam Mickiewicz,1798-12-24,1855-11-26,OL114808A,0.98,top score 98.0 and margin 33.0 meet the thresholds,rule,
20261004T193309Z-145f67,280,Isaac Bashevis Singer,Isaac Bashevis Singer,true,,matched,Q75612,Isaac Bashevis Singer,1903-11-21,1991-07-24,OL137147A,0.98,top score 98.0 and margin 30.9 meet the thresholds,rule,
20261004T193309Z-145f67,281,Sholem Aleichem,Sholem Aleichem,true,,matched,Q238090,Sholem Aleichem,1859-03-02,1916-05-13,OL144345A,0.97,top score 97.0 and margin 73.4 meet the thresholds,rule,
20261004T193309Z-145f67,282,S. Y. Agnon,S. Y. Agnon,true,,matched,Q133042,Shmuel Yosef Agnon,1887-08-08,1970-02-17,OL29646A,0.979,top score 97.9 and margin 97.9 meet the thresholds,rule,
20261004T193309Z-145f67,283,Primo Levi,Primo Levi,true,,matched,Q153670,Primo Levi,1918-07-31,1987-04-11,OL74802A,0.782,top score 97.8 but margin 2.7 is below 10.0; the model chose Q153670: The birth and death years match Primo Levi's known dates.,slm,
20261004T193309Z-145f67,284,Italo Calvino,Italo Calvino,true,,matched,Q154756,Italo Calvino,1923-10-15,1985-09-19,OL4326372A,0.977,top score 97.7 and margin 97.7 meet the thresholds,rule,
20261004T193309Z-145f67,285,Umberto Eco,Umberto Eco,true,,matched,Q12807,Umberto Eco,1932-01-05,2016-02-19,OL20735A,0.98,top score 98.0 and margin 44.4 meet the thresholds,rule,
20261004T193309Z-145f67,286,Elena Ferrante,Elena Ferrante,true,,matched,Q368127,Elena Ferrante,1943-00-00,,OL3105889A,0.965,top score 96.5 and margin 96.5 meet the thresholds,rule,
20261004T193309Z-145f67,287,Dante Alighieri,Dante Alighieri,true,,matched,Q1067,Dante Alighieri,1265-05-30,1321-09-13,OL5988928A,0.98,top score 98.0 and margin 34.0 meet the thresholds,rule,
20261004T193309Z-145f67,288,Giovanni Boccaccio,Giovanni Boccaccio,true,,matched,Q1402,Giovanni Boccaccio,1313-06-16,1375-09-21,OL2055261A,0.98,top score 98.0 and margin 33.0 meet the thresholds,rule,
20261004T193309Z-145f67,289,Petrarch,Petrarch,true,,matched,Q1401,Francesco Petrarca,1304-07-19,1374-07-18,OL77056A,0.98,top score 98.0 and margin 37.8 meet the thresholds,rule,
20261004T193309Z-145f67,290,Niccolò Machiavelli,Niccolò Machiavelli,true,,matched,Q1399,Niccolò Machiavelli,1469-05-03,1527-06-21,OL23135A,0.98,top score 98.0 and margin 24.4 meet the thresholds,rule,
20261004T193309Z-145f67,291,Luigi Pirandello,Luigi Pirandello,true,,matched,Q1403,Luigi Pirandello,1867-06-28,1936-12-10,OL32292A,0.98,top score 98.0 and margin 48.0 meet the thresholds,rule,
20261004T193309Z-145f67,292,Giuseppe Tomasi di Lampedusa,Giuseppe Tomasi di Lampedusa,true,,matched,Q213482,Giuseppe Tomasi di Lampedusa,1896-12-23,1957-07-23,OL325884A,0.775,top score 96.9 but margin 7.6 is below 10.0; the model chose Q213482: The candidate matches the seed name and is known to be the author of 'The Leopard'.,slm,
20261004T193309Z-145f67,293,Cesare Pavese,Cesare Pavese,true,,matched,Q2022,Cesare Pavese,1908-09-09,1950-08-27,OL4326210A,0.974,top score 97.4 and margin 56.3 meet the thresholds,rule,
20261004T193309Z-145f67,294,Alberto Moravia,Alberto Moravia,true,,matched,Q161933,Alberto Moravia,1907-11-28,1990-09-26,OL20919A,0.977,top score 97.7 and margin 32.7 meet the thresholds,rule,
20261004T193309Z-145f67,295,Natalia Ginzburg,Natalia Ginzburg,true,,matched,Q275985,Natalia Ginzburg,1916-07-14,1991-10-07,OL152441A,0.966,top score 96.6 and margin 96.6 meet the thresholds,rule,
20261004T193309Z-145f67,296,Elsa Morante,Elsa Morante,true,,matched,Q275979,Elsa Morante,1912-08-18,1985-11-25,OL436779A,0.965,top score 96.5 and margin 96.5 meet the thresholds,rule,
20261004T193309Z-145f67,297,Italo Svevo,Italo Svevo,true,,matched,Q216478,Italo Svevo,1861-12-19,1928-09-13,OL298044A,0.968,top score 96.8 and margin 96.8 meet the thresholds,rule,
20261004T193309Z-145f67,298,Dario Fo,Dario Fo,true,,matched,Q765,Dario Fo,1926-03-24,2016-10-13,OL67411A,0.98,top score 98.0 and margin 43.2 meet the thresholds,rule,
20261004T193309Z-145f67,299,Roberto Calasso,Roberto Calasso,true,,matched,Q669956,Roberto Calasso,1941-05-30,2021-07-28,OL246924A,0.956,top score 95.6 and margin 95.6 meet the thresholds,rule,
20261004T193309Z-145f67,300,Roberto Saviano,Roberto Saviano,true,,matched,Q25163,Roberto Saviano,1979-09-22,,OL5388045A,0.965,top score 96.5 and margin 96.5 meet the thresholds,rule,
20261004T193309Z-145f67,301,Orhan Pamuk,Orhan Pamuk,true,,matched,Q241248,Orhan Pamuk,1952-06-07,,OL96984A,0.98,top score 98.0 and margin 98.0 meet the thresholds,rule,
20261004T193309Z-145f67,302,Elif Shafak,Elif Shafak,true,,matched,Q270739,Elif Şafak,1971-10-25,,OL97320A,0.973,top score 97.3 and margin 97.3 meet the thresholds,rule,
20261004T193309Z-145f67,303,Yaşar Kemal,Yaşar Kemal,true,,matched,Q327142,Yaşar Kemal,1923-10-06,2015-02-28,OL14114A,0.967,top score 96.7 and margin 31.7 meet the thresholds,rule,
20261004T193309Z-145f67,304,Nâzım Hikmet,Nâzım Hikmet,true,,matched,Q184906,Nazım Hikmet,1902-01-15,1963-06-03,OL4650397A,0.974,top score 97.4 and margin 32.4 meet the thresholds,rule,
20261004T193309Z-145f67,305,Nikos Kazantzakis,Nikos Kazantzakis,true,,matched,Q214622,Nikos Kazantzakis,1883-02-18,1957-10-26,OL29174A,0.976,top score 97.6 and margin 97.6 meet the thresholds,rule,
20261004T193309Z-145f67,306,Homer,Homer,true,,matched,Q6691,Homer,-0900-00-0,-0800-00-0,OL18404A,0.98,top score 98.0 and margin 16.7 meet the thresholds,rule,
20261004T193309Z-145f67,307,Sophocles,Sophocles,true,,matched,Q7235,Sophocles,-0496-00-0,-0406-00-0,OL11149A,0.98,top score 98.0 and margin 14.7 meet the thresholds,rule,
20261004T193309Z-145f67,308,Euripides,Euripides,true,,matched,Q48305,Euripides,-0480-00-0,-0406-00-0,OL21589A,0.98,top score 98.0 and margin 17.9 meet the thresholds,rule,
20261004T193309Z-145f67,309,Aeschylus,Aeschylus,true,,matched,Q40939,Aeschylus,-0525-00-0,-0456-00-0,OL74434A,0.98,top score 98.0 and margin 32.6 meet the thresholds,rule,
20261004T193309Z-145f67,310,Sappho,Sappho,true,,matched,Q17892,Σαπφώ,-0650-00-0,-0550-00-0,OL92777A,0.98,top score 98.0 and margin 18.0 meet the thresholds,rule,
20261004T193309Z-145f67,311,Virgil,Virgil,true,,matched,Q1398,Virgil,-0070-10-1,-0019-09-2,OL28294A,0.98,top score 98.0 and margin 32.6 meet the thresholds,rule,
20261004T193309Z-145f67,312,Ovid,Ovid,true,,matched,Q7198,Ovidius,-0043-03-2,0017-00-00,OL18770A,0.98,top score 98.0 and margin 15.4 meet the thresholds,rule,
20261004T193309Z-145f67,313,Horace,Horace,true,,matched,Q6197,Horace,-0065-12-0,-0008-11-2,OL20088A,0.98,top score 98.0 and margin 23.9 meet the thresholds,rule,
20261004T193309Z-145f67,314,Seneca,Seneca,true,,matched,Q2054,Seneca,-0004-00-0,0065-04-12,OL3143587A,0.98,top score 98.0 and margin 17.5 meet the thresholds,rule,
20261004T193309Z-145f67,315,Plutarch,Plutarch,true,,matched,Q41523,Plutarch,0040-00-00,0120-00-00,OL58120A,0.98,top score 98.0 and margin 25.1 meet the thresholds,rule,
20261004T193309Z-145f67,316,Søren Kierkegaard,Søren Kierkegaard,true,,matched,Q6512,Søren Kierkegaard,1813-05-05,1855-11-11,OL233017A,0.98,top score 98.0 and margin 39.5 meet the thresholds,rule,
20261004T193309Z-145f67,317,Hans Christian Andersen,Hans Christian Andersen,true,,matched,Q5673,Hans Christian Andersen,1805-04-02,1875-08-04,OL25931A,0.98,top score 98.0 and margin 32.9 meet the thresholds,rule,
20261004T193309Z-145f67,318,Karen Blixen,Karen Blixen,true,,matched,Q182804,Karen Blixen,1885-04-17,1962-09-07,OL135127A,0.978,top score 97.8 and margin 97.8 meet the thresholds,rule,
20261004T193309Z-145f67,319,Isak Dinesen,Isak Dinesen,true,,matched,Q182804,Karen Blixen,1885-04-17,1962-09-07,OL135127A,0.978,top score 97.8 and margin 97.8 meet the thresholds,rule,Karen Blixen
20261004T193309Z-145f67,320,Henrik Ibsen,Henrik Ibsen,true,,matched,Q36661,Henrik Ibsen,1828-03-20,1906-05-23,OL13192A,0.98,top score 98.0 and margin 33.0 meet the thresholds,rule,
20261004T193309Z-145f67,321,Knut Hamsun,Knut Hamsun,true,,matched,Q40826,Knut Hamsun,1859-08-04,1952-02-19,OL41785A,0.98,top score 98.0 and margin 21.7 meet the thresholds,rule,
20261004T193309Z-145f67,322,Sigrid Undset,Sigrid Undset,true,,matched,Q80889,Sigrid Undset,1882-05-20,1949-06-10,OL23696A,0.98,top score 98.0 and margin 34.7 meet the thresholds,rule,
20261004T193309Z-145f67,323,Jo Nesbø,Jo Nesbø,true,,matched,Q202693,Jo Nesbø,1960-03-29,,OL1471661A,0.968,top score 96.8 and margin 96.8 meet the thresholds,rule,
20261004T193309Z-145f67,324,Karl Ove Knausgård,Karl Ove Knausgård,true,,matched,Q609317,Karl Ove Knausgård,1968-12-06,,OL50998A,0.962,top score 96.2 and margin 96.2 meet the thresholds,rule,
20261004T193309Z-145f67,325,Astrid Lindgren,Astrid Lindgren,true,,matched,Q55767,Astrid Lindgren,1907-11-14,2002-01-28,OL24950A,0.98,top score 98.0 and margin 33.0 meet the thresholds,rule,
20261004T193309Z-145f67,326,August Strindberg,August Strindberg,true,,matched,Q7724,August Strindberg,1849-01-22,1912-05-14,OL65966A,0.98,top score 98.0 and margin 34.8 meet the thresholds,rule,
20261004T193309Z-145f67,327,Selma Lagerlöf,Selma Lagerlöf,true,,matched,Q44519,Selma Lagerlöf,1858-11-20,1940-03-16,OL49700A,0.98,top score 98.0 and margin 48.6 meet the thresholds,rule,
20261004T193309Z-145f67,328,Tove Jansson,Tove Jansson,true,,matched,Q102071,Tove Jansson,1914-08-09,2001-06-27,OL279921A,0.975,top score 97.5 and margin 32.5 meet the thresholds,rule,
20261004T193309Z-145f67,329,Mika Waltari,Mika Waltari,true,,matched,Q193111,Mika Waltari,1908-09-19,1979-08-26,OL2688714A,0.968,top score 96.8 and margin 96.8 meet the thresholds,rule,
20261004T193309Z-145f67,330,Halldór Laxness,Halldór Laxness,true,,matched,Q80321,Halldór Laxness,1902-04-23,1998-02-08,OL62102A,0.98,top score 98.0 and margin 24.4 meet the thresholds,rule,
20261004T193309Z-145f67,331,László Krasznahorkai,László Krasznahorkai,true,,matched,Q512062,László Krasznahorkai,1954-01-05,,OL6759572A,0.972,top score 97.2 and margin 97.2 meet the thresholds,rule,
20261004T193309Z-145f67,332,Imre Kertész,Imre Kertész,true,,matched,Q47755,Imre Kertész,1929-11-09,2016-03-31,OL2827682A,0.98,top score 98.0 and margin 33.0 meet the thresholds,rule,
20261004T193309Z-145f67,333,Sándor Márai,Sándor Márai,true,,matched,Q36951,Sándor Márai,1900-04-11,1989-02-21,OL5255907A,0.967,top score 96.7 and margin 70.7 meet the thresholds,rule,
20261004T193309Z-145f67,334,Mircea Cărtărescu,Mircea Cărtărescu,true,,matched,Q442931,Mircea Cărtărescu,1956-06-01,,OL5230562A,0.96,top score 96.0 and margin 96.0 meet the thresholds,rule,
20261004T193309Z-145f67,335,Eugène Ionesco,Eugène Ionesco,true,,matched,Q46706,Eugène Ionesco,1909-11-26,1994-03-28,OL52830A,0.98,top score 98.0 and margin 39.7 meet the thresholds,rule,
20261004T193309Z-145f67,336,Danilo Kiš,Danilo Kiš,true,,matched,Q310562,Danilo Kiš,1935-02-22,1989-10-15,,0.816,top score 81.6 and margin 22.5 meet the thresholds,rule,
20261004T193309Z-145f67,337,Ivo Andrić,Ivo Andrić,true,,matched,Q47561,Ivo Andrić,1892-10-09,1975-03-13,OL6287601A,0.98,top score 98.0 and margin 24.4 meet the thresholds,rule,
20261004T193309Z-145f67,338,Ismail Kadare,Ismail Kadare,true,,matched,Q179695,Ismail Kadare,1936-01-28,2024-07-01,OL86811A,0.976,top score 97.6 and margin 97.6 meet the thresholds,rule,
20261004T193309Z-145f67,339,Svetlana Alexievich,Svetlana Alexievich,true,,matched,Q274334,Svetlana Alexievich,1948-05-31,,OL198376A,0.98,top score 98.0 and margin 98.0 meet the thresholds,rule,
20261004T193309Z-145f67,340,Andrey Platonov,Andrey Platonov,true,,matched,Q315147,Andrei Platonov,1899-08-16,1951-01-05,OL30647A,0.966,top score 96.6 and margin 96.6 meet the thresholds,rule,
20261004T193309Z-145f67,341,Haruki Murakami,Haruki Murakami,true,,matched,Q134798,Haruki Murakami,1949-01-12,,OL382524A,0.98,top score 98.0 and margin 33.0 meet the thresholds,rule,
20261004T193309Z-145f67,342,Yukio Mishima,Yukio Mishima,true,,matched,Q134456,Yukio Mishima,1925-01-14,1970-11-25,OL220942A,0.98,top score 98.0 and margin 33.0 meet the thresholds,rule,
20261004T193309Z-145f67,343,Natsume Soseki,Natsume Soseki,true,,matched,Q180903,Natsume Sōseki,1867-02-09,1916-12-09,OL2688998A,0.971,top score 97.1 and margin 97.1 meet the thresholds,rule,
20261004T193309Z-145f67,344,Banana Yoshimoto,Banana Yoshimoto,true,,matched,Q238970,Banana Yoshimoto,1964-07-24,,OL384307A,0.964,top score 96.4 and margin 96.4 meet the thresholds,rule,
20261004T193309Z-145f67,345,Ryunosuke Akutagawa,Ryunosuke Akutagawa,true,,matched,Q186326,Ryūnosuke Akutagawa,1892-03-01,1927-07-24,OL4280445A,0.979,top score 97.9 and margin 97.9 meet the thresholds,rule,
20261004T193309Z-145f67,346,Yasunari Kawabata,Yasunari Kawabata,true,,matched,Q43736,Yasunari Kawabata,1899-06-11,1972-04-16,OL248278A,0.98,top score 98.0 and margin 33.0 meet the thresholds,rule,
20261004T193309Z-145f67,347,Kenzaburō Ōe,Kenzaburō Ōe,true,,matched,Q80095,Kenzaburō Ōe,1935-01-31,2023-03-03,OL4280455A,0.98,top score 98.0 and margin 98.0 meet the thresholds,rule,
20261004T193309Z-145f67,348,Junichiro Tanizaki,Junichiro Tanizaki,true,,matched,Q316213,Jun'ichirō Tanizaki,1886-07-24,1965-07-30,OL51998A,0.964,top score 96.4 and margin 96.4 meet the thresholds,rule,
20261004T193309Z-145f67,349,Murasaki Shikibu,Murasaki Shikibu,true,,matched,Q81731,Murasaki Shikibu,0978-00-00,1014-00-00,OL365212A,0.98,top score 98.0 and margin 55.7 meet the thresholds,rule,
20261004T193309Z-145f67,350,Sei Shōnagon,Sei Shōnagon,true,,matched,Q231603,Sei Shonagon,0966-00-00,1025-00-00,OL765545A,0.971,top score 97.1 and margin 97.1 meet the thresholds,rule,
20261004T193309Z-145f67,351,Kobo Abe,Kobo Abe,true,,matched,Q186273,Kōbō Abe,1924-03-07,1993-01-22,OL832531A,0.972,top score 97.2 and margin 97.2 meet the thresholds,rule,
20261004T193309Z-145f67,352,Osamu Dazai,Osamu Dazai,true,,matched,Q317685,Osamu Dazai,1909-06-19,1948-06-13,OL6976604A,0.97,top score 97.0 and margin 35.2 meet the thresholds,rule,
20261004T193309Z-145f67,353,Hiromi Kawakami,Hiromi Kawakami,true,,matched,Q286701,Hiromi Kawakami,1958-04-01,,OL5613770A,0.96,top score 96.0 and margin 30.9 meet the thresholds,rule,
20261004T193309Z-145f67,354,Sayaka Murata,Sayaka Murata,true,,matched,Q11523472,Sayaka Murata,1979-08-14,,OL6573124A,0.959,top score 95.9 and margin 30.9 meet the thresholds,rule,
20261004T193309Z-145f67,355,Mieko Kawakami,Mieko Kawakami,true,,matched,Q455930,Mieko Kawakami,1976-08-29,,OL6587711A,0.959,top score 95.9 and margin 95.9 meet the thresholds,rule,
20261004T193309Z-145f67,356,Han Kang,Han Kang,true,,matched,Q5646626,Han Kang,1970-11-27,,OL2671323A,0.979,top score 97.9 and margin 32.9 meet the thresholds,rule,
20261004T193309Z-145f67,357,Hwang Sok-yong,Hwang Sok-yong,true,,matched,Q484947,Hwang Sok-yong,1943-01-04,,OL3965312A,0.955,top score 95.5 and margin 95.5 meet the thresholds,rule,
20261004T193309Z-145f67,358,Cho Nam-joo,Cho Nam-joo,true,,matched,Q60713260,Cho Nam-joo,1978-00-00,,OL7836616A,0.955,top score 95.5 and margin 95.5 meet the thresholds,rule,
20261004T193309Z-145f67,359,Kyung-sook Shin,Kyung-sook Shin,true,,matched,Q384293,Shin Kyung-sook,1963-01-12,,OL4057169A,0.959,top score 95.9 and margin 95.9 meet the thresholds,rule,
20261004T193309Z-145f67,360,Kim Young-ha,Kim Young-ha,true,,matched,Q140135,Kim Young-ha,1968-11-11,,,0.805,top score 80.5 and margin 15.5 meet the thresholds,rule,
20261004T193309Z-145f67,361,Liu Cixin,Liu Cixin,true,,matched,Q607588,Liu Cixin,1963-06-23,,OL7044246A,0.965,top score 96.5 and margin 96.5 meet the thresholds,rule,
20261004T193309Z-145f67,362,Jin Yong,Jin Yong,true,,matched,Q180626,Jin Yong,1924-03-10,2018-10-30,OL1142590A,0.962,top score 96.2 and margin 16.1 meet the thresholds,rule,
20261004T193309Z-145f67,363,Mo Yan,Mo Yan,true,,matched,Q8998,Mo Yan,1955-02-17,,OL1426172A,0.98,top score 98.0 and margin 33.0 meet the thresholds,rule,
20261004T193309Z-145f67,364,Lu Xun,Lu Xun,true,,matched,Q23114,Lu Xun,1881-09-25,1936-10-19,OL2889685A,0.98,top score 98.0 and margin 17.9 meet the thresholds,rule,
20261004T193309Z-145f67,365,Lao She,Lao She,true,,matched,Q315167,Lao She,1899-02-03,1966-08-24,OL5288692A,0.965,top score 96.5 and margin 18.8 meet the thresholds,rule,
20261004T193309Z-145f67,366,Ba Jin,Ba Jin,true,,matched,Q13005,Ba Jin,1904-11-25,2005-10-17,OL783268A,0.964,top score 96.4 and margin 28.5 meet the thresholds,rule,
20261004T193309Z-145f67,367,Eileen Chang,Eileen Chang,true,,matched,Q197155,Eileen Chang,1920-09-30,1995-09-08,OL2130978A,0.963,top score 96.3 and margin 31.3 meet the thresholds,rule,
20261004T193309Z-145f67,368,Yu Hua,Yu Hua,true,,matched,Q379520,Yu Hua,1960-04-03,,OL2675313A,0.961,top score 96.1 and margin 30.9 meet the thresholds,rule,
20261004T193309Z-145f67,369,Can Xue,Can Xue,true,,matched,Q1072531,Can Xue,1953-05-30,,OL2827678A,0.956,top score 95.6 and margin 30.6 meet the thresholds,rule,
20261004T193309Z-145f67,370,Qiu Xiaolong,Qiu Xiaolong,true,,matched,Q610522,Qiu Xiaolong,1953-01-01,,OL1431656A,0.955,top score 95.5 and margin 95.5 meet the thresholds,rule,
20261004T193309Z-145f67,371,Amy Tan,Amy Tan,true,,matched,Q234989,Amy Tan,1952-02-19,,OL220796A,0.965,top score 96.5 and margin 31.5 meet the thresholds,rule,
20261004T193309Z-145f67,372,Maxine Hong Kingston,Maxine Hong Kingston,true,,matched,Q19330,Maxine Hong Kingston,1940-10-27,,OL218453A,0.957,top score 95.7 and margin 95.7 meet the thresholds,rule,
20261004T193309Z-145f67,373,R. K. Narayan,R. K. Narayan,true,,matched,Q334252,R. K. Narayan,1906-10-10,2001-05-13,OL5911201A,0.966,top score 96.6 and margin 45.5 meet the thresholds,rule,
20261004T193309Z-145f67,374,Rabindranath Tagore,Rabindranath Tagore,true,,matched,Q7241,Rabindranath Tagore,1861-05-07,1941-08-07,OL1770A,0.98,top score 98.0 and margin 50.2 meet the thresholds,rule,
20261004T193309Z-145f67,375,Arundhati Roy,Arundhati Roy,true,,matched,Q212801,Arundhati Roy,1961-11-24,,OL104867A,0.978,top score 97.8 and margin 32.8 meet the thresholds,rule,
20261004T193309Z-145f67,376,Vikram Seth,Vikram Seth,true,,matched,Q379762,Vikram Seth,1952-06-20,,OL22665A,0.964,top score 96.4 and margin 19.2 meet the thresholds,rule,
20261004T193309Z-145f67,377,Amitav Ghosh,Amitav Ghosh,true,,matched,Q336125,Amitav Ghosh,1956-07-11,,OL105306A,0.964,top score 96.4 and margin 31.2 meet the thresholds,rule,
20261004T193309Z-145f67,378,Jhumpa Lahiri,Jhumpa Lahiri,true,,matched,Q465208,Jhumpa Lahiri,1967-07-11,,OL240991A,0.971,top score 97.1 and margin 97.1 meet the thresholds,rule,
20261004T193309Z-145f67,379,Kiran Desai,Kiran Desai,true,,matched,Q228589,Kiran Desai,1971-09-03,,OL20133A,0.969,top score 96.9 and margin 23.4 meet the thresholds,rule,
20261004T193309Z-145f67,380,Rohinton Mistry,Rohinton Mistry,true,,matched,Q732338,Rohinton Mistry,1952-07-03,,OL456240A,0.958,top score 95.8 and margin 95.8 meet the thresholds,rule,
20261004T193309Z-145f67,381,Anita Desai,Anita Desai,true,,matched,Q268495,Anita Desai,1937-06-24,,OL34163A,0.965,top score 96.5 and margin 96.5 meet the thresholds,rule,
20261004T193309Z-145f67,382,Mulk Raj Anand,Mulk Raj Anand,true,,matched,Q732434,Mulk Raj Anand,1905-12-12,2004-09-28,OL8160A,0.963,top score 96.3 and margin 96.3 meet the thresholds,rule,
20261004T193309Z-145f67,383,Premchand,Premchand,true,,matched,Q174152,Premchand,1880-07-31,1936-10-08,OL4683A,0.974,top score 97.4 and margin 33.6 meet the thresholds,rule,
20261004T193309Z-145f67,384,Saadat Hasan Manto,Saadat Hasan Manto,true,,matched,Q156501,Saadat Hasan Manto,1912-05-11,1955-01-18,OL571A,0.96,top score 96.0 and margin 96.0 meet the thresholds,rule,
20261004T193309Z-145f67,385,Ismat Chughtai,Ismat Chughtai,true,,matched,Q3080325,Ismat Chughtai,1911-08-21,1991-10-24,OL1062A,0.958,top score 95.8 and margin 95.8 meet the thresholds,rule,
20261004T193309Z-145f67,386,Bapsi Sidhwa,Bapsi Sidhwa,true,,matched,Q2020488,Bapsi Sidhwa,1938-08-11,2024-12-25,,0.807,top score 80.7 and margin 80.7 meet the thresholds,rule,
20261004T193309Z-145f67,387,Kamila Shamsie,Kamila Shamsie,true,,matched,Q3087962,Kamila Shamsie,1973-08-13,,OL102484A,0.96,top score 96.0 and margin 96.0 meet the thresholds,rule,
20261004T193309Z-145f67,388,Mohsin Hamid,Mohsin Hamid,true,,matched,Q3243146,Mohsin Hamid,1971-07-23,,OL30582A,0.958,top score 95.8 and margin 30.8 meet the thresholds,rule,
20261004T193309Z-145f67,389,Nadeem Aslam,Nadeem Aslam,true,,matched,Q1963189,Nadeem Aslam,1966-01-01,,,0.806,top score 80.6 and margin 22.1 meet the thresholds,rule,
20261004T193309Z-145f67,390,Khaled Hosseini,Khaled Hosseini,true,,matched,Q193116,Khaled Hosseini,1965-03-04,,OL1412764A,0.976,top score 97.6 and margin 39.0 meet the thresholds,rule,
20261004T193309Z-145f67,391,Elif Batuman,Elif Batuman,true,,matched,Q5360799,Elif Batuman,1977-06-07,,OL3031163A,0.955,top score 95.5 and margin 95.5 meet the thresholds,rule,
20261004T193309Z-145f67,392,Naguib Mahfouz,Naguib Mahfouz,true,,matched,Q7176,Naguib Mahfouz,1911-12-11,2006-08-30,OL2675259A,0.98,top score 98.0 and margin 17.8 meet the thresholds,rule,
20261004T193309Z-145f67,393,Alaa Al Aswany,Alaa Al Aswany,true,,matched,Q467869,Alaa Al Aswany,1957-05-26,,OL2624297A,0.959,top score 95.9 and margin 95.9 meet the thresholds,rule,
20261004T193309Z-145f67,394,Tayeb Salih,Tayeb Salih,true,,matched,Q561434,al-Tayyib Salih,1929-07-12,2009-02-19,OL454048A,0.961,top score 96.1 and margin 96.1 meet the thresholds,rule,
20261004T193309Z-145f67,395,Leila Aboulela,Leila Aboulela,true,,matched,Q290220,Leila Aboulela,1964-01-01,,OL1434517A,0.959,top score 95.9 and margin 95.9 meet the thresholds,rule,
20261004T193309Z-145f67,396,Hanan al-Shaykh,Hanan al-Shaykh,true,,matched,Q290143,Hanan al-Shaykh,1945-11-12,,OL223346A,0.956,top score 95.6 and margin 95.6 meet the thresholds,rule,
20261004T193309Z-145f67,397,Nawal El Saadawi,Nawal El Saadawi,true,,matched,Q238514,Nawal El Saadawi,1931-10-27,2021-03-21,OL2758789A,0.972,top score 97.2 and margin 97.2 meet the thresholds,rule,
20261004T193309Z-145f67,398,Ahdaf Soueif,Ahdaf Soueif,true,,matched,Q4115654,Ahdaf Soueif,1950-03-23,,,0.806,top score 80.6 and margin 80.6 meet the thresholds,rule,
20261004T193309Z-145f67,399,Ghassan Kanafani,Ghassan Kanafani,true,,matched,Q369696,Ghassan Kanafani,1936-04-09,1972-07-08,OL5240081A,0.965,top score 96.5 and margin 96.5 meet the thresholds,rule,
20261004T193309Z-145f67,400,Mahmoud Darwish,Mahmoud Darwish,true,,matched,Q207720,Mahmoud Darwish,1941-03-13,2008-08-09,OL2758657A,0.972,top score 97.2 and margin 38.6 meet the thresholds,rule,
20261004T193309Z-145f67,401,Adonis,Adonis,true,,matched,Q380787,Adunis,1930-01-01,,OL176262A,0.967,top score 96.7 and margin 16.6 meet the thresholds,rule,
20261004T193309Z-145f67,402,Amin Maalouf,Amin Maalouf,true,,matched,Q115243,Amin Maalouf,1949-02-25,,OL46671A,0.777,top score 97.1 but margin 8.5 is below 10.0; the model chose Q115243: The candidate matches the seed name and has relevant facts such as being a Francophone Lebanese writer.,slm,
20261004T193309Z-145f67,403,Kahlil Gibran,Kahlil Gibran,true,,matched,Q47737,Kahlil Gibran,1883-01-06,1931-04-10,OL2890A,0.98,top score 98.0 and margin 32.9 meet the thresholds,rule,
20261004T193309Z-145f67,404,Rumi,Rumi,true,,matched,Q43347,Rumi,1207-09-30,1273-12-17,OL2659024A,0.98,top score 98.0 and margin 30.3 meet the thresholds,rule,
20261004T193309Z-145f67,405,Omar Khayyam,Omar Khayyam,true,,matched,Q35900,Omar Khayyám,1048-05-18,1131-12-04,OL92800A,0.98,top score 98.0 and margin 24.2 meet the thresholds,rule,
20261004T193309Z-145f67,406,Ferdowsi,Ferdowsi,true,,matched,Q43459,Ferdowsi,0940-00-00,1020-01-01,OL821316A,0.98,top score 98.0 and margin 40.2 meet the thresholds,rule,
20261004T193309Z-145f67,407,Hafez,Hafez,true,,matched,Q6240,Ḥāfiz,1326-00-00,1389-00-00,OL71598A,0.98,top score 98.0 and margin 41.9 meet the thresholds,rule,
20261004T193309Z-145f67,408,Saadi Shirazi,Saadi Shirazi,true,,matched,Q170302,Saadi,1210-00-00,1291-00-00,OL4911929A,0.98,top score 98.0 and margin 98.0 meet the thresholds,rule,
20261004T193309Z-145f67,409,Sadegh Hedayat,Sadegh Hedayat,true,,matched,Q315017,Sadegh Hedayat,1903-02-17,1951-04-04,OL43809A,0.966,top score 96.6 and margin 96.6 meet the thresholds,rule,
20261004T193309Z-145f67,410,Forough Farrokhzad,Forough Farrokhzad,true,,matched,Q464394,Forugh Farrokhzad,1935-01-05,1967-02-13,OL2885219A,0.968,top score 96.8 and margin 96.8 meet the thresholds,rule,
20261004T193309Z-145f67,411,Shahrnush Parsipur,Shahrnush Parsipur,true,,matched,Q290306,Shahrnush Parsipur,1946-02-17,2026-07-03,OL3039774A,0.957,top score 95.7 and margin 95.7 meet the thresholds,rule,
20261004T193309Z-145f67,412,Marjane Satrapi,Marjane Satrapi,true,,matched,Q126633,Marjane Satrapi,1969-11-22,2026-06-04,OL1394320A,0.97,top score 97.0 and margin 53.1 meet the thresholds,rule,
20261004T193309Z-145f67,413,Sabahattin Ali,Sabahattin Ali,true,,matched,Q982838,Sabahattin Ali,1907-02-25,1948-04-02,OL97057A,0.962,top score 96.2 and margin 96.2 meet the thresholds,rule,
20261004T193309Z-145f67,414,Ahmet Hamdi Tanpınar,Ahmet Hamdi Tanpınar,true,,matched,Q401875,Ahmet Hamdi Tanpınar,1901-06-23,1962-01-24,OL96888A,0.959,top score 95.9 and margin 95.9 meet the thresholds,rule,
20261004T193309Z-145f67,415,Bilge Karasu,Bilge Karasu,true,,matched,Q6841352,Bilge Karasu,1930-01-09,1995-07-13,,0.804,top score 80.4 and margin 80.4 meet the thresholds,rule,
20261004T193309Z-145f67,416,Amos Oz,Amos Oz,true,,matched,Q151872,Amos Oz,1939-05-04,2018-12-28,OL170730A,0.97,top score 97.0 and margin 49.7 meet the thresholds,rule,
20261004T193309Z-145f67,417,David Grossman,David Grossman,true,,matched,Q160263,David Grossman,1954-01-25,,OL5192245A,0.773,top score 96.6 but margin 5.8 is below 10.0; the model chose Q160263: The candidate matches the seed name and is described as an Israeli author.,slm,
20261004T193309Z-145f67,418,A. B. Yehoshua,A. B. Yehoshua,true,,matched,Q329758,A. B. Yehoshua,1936-12-19,2022-06-14,OL170744A,0.961,top score 96.1 and margin 14.1 meet the thresholds,rule,
20261004T193309Z-145f67,419,Etgar Keret,Etgar Keret,true,,matched,Q378882,Etgar Keret,1967-08-20,,OL1435450A,0.963,top score 96.3 and margin 96.3 meet the thresholds,rule,
20261004T193309Z-145f67,420,Meir Shalev,Meir Shalev,true,,matched,Q265855,Meir Shalev,1948-07-29,2023-04-11,OL227047A,0.958,top score 95.8 and margin 95.8 meet the thresholds,rule,
20261004T193309Z-145f67,421,Abraham Verghese,Abraham Verghese,true,,matched,Q1446797,Abraham Verghese,1955-05-30,,OL2631224A,0.954,top score 95.4 and margin 95.4 meet the thresholds,rule,
20261004T193309Z-145f67,422,Viet Thanh Nguyen,Viet Thanh Nguyen,true,,matched,Q23887092,Viet Thanh Nguyen,1971-03-13,,OL1603399A,0.767,top score 95.9 but margin 7.2 is below 10.0; the model chose Q23887092: The candidate matches the seed name and is described as an American author of fiction.,slm,
20261004T193309Z-145f67,423,Ocean Vuong,Ocean Vuong,true,,matched,Q18355929,Ocean Vuong,1988-10-14,,OL7607606A,0.957,top score 95.7 and margin 95.7 meet the thresholds,rule,
20261004T193309Z-145f67,424,Nguyễn Du,Nguyễn Du,true,,matched,Q313322,Nguyễn Du,1765-01-03,1820-09-16,OL6925998A,0.769,top score 96.1 but margin 4.6 is below 10.0; the model chose Q313322: The candidate matches the seed name and is known as a poet.,slm,
20261004T193309Z-145f67,425,Bao Ninh,Bao Ninh,true,,matched,Q484988,Bao Ninh,1952-10-18,,OL2645428A,0.953,top score 95.3 and margin 36.5 meet the thresholds,rule,
20261004T193309Z-145f67,426,Nguyễn Phan Quế Mai,Nguyễn Phan Quế Mai,true,,matched,Q111472131,Nguyễn Phan Quế Mai,1973-08-12,,OL7993510A,0.953,top score 95.3 and margin 95.3 meet the thresholds,rule,
20261004T193309Z-145f67,427,Pramoedya Ananta Toer,Pramoedya Ananta Toer,true,,matched,Q326935,Pramoedya Ananta Toer,1925-02-06,2006-04-30,OL1637A,0.963,top score 96.3 and margin 96.3 meet the thresholds,rule,
20261004T193309Z-145f67,428,Eka Kurniawan,Eka Kurniawan,true,,matched,Q2321261,Eka Kurniawan,1975-11-28,,OL1450187A,0.956,top score 95.6 and margin 30.6 meet the thresholds,rule,
20261004T193309Z-145f67,429,Andrea Hirata,Andrea Hirata,true,,matched,Q4755130,Andrea Hirata,1967-10-24,,OL6729929A,0.954,top score 95.4 and margin 36.9 meet the thresholds,rule,
20261004T193309Z-145f67,430,Tash Aw,Tash Aw,true,,matched,Q2394979,Tash Aw,1971-01-01,,OL1393419A,0.953,top score 95.3 and margin 95.3 meet the thresholds,rule,
20261004T193309Z-145f67,431,Shamini Flint,Shamini Flint,true,,matched,Q7487568,Shamini Flint,1969-10-26,,,0.801,top score 80.1 and margin 80.1 meet the thresholds,rule,
20261004T193309Z-145f67,432,Tan Twan Eng,Tan Twan Eng,true,,matched,Q7662663,Tan Twan Eng,1972-01-01,,OL3946473A,0.954,top score 95.4 and margin 95.4 meet the thresholds,rule,
20261004T193309Z-145f67,433,Nick Joaquin,Nick Joaquin,true,,matched,Q1977234,Nick Joaquin,1917-05-04,2004-04-29,OL6826A,0.954,top score 95.4 and margin 95.4 meet the thresholds,rule,
20261004T193309Z-145f67,434,José Rizal,José Rizal,true,,matched,Q1500,José Rizal,1861-06-19,1896-12-30,OL178062A,0.977,top score 97.7 and margin 39.1 meet the thresholds,rule,
20261004T193309Z-145f67,435,Lualhati Bautista,Lualhati Bautista,true,,matched,Q3547747,Lualhati Bautista,1945-12-02,2023-02-12,OL314158A,0.955,top score 95.5 and margin 95.5 meet the thresholds,rule,
20261004T193309Z-145f67,436,F. Sionil José,F. Sionil José,true,,matched,Q558252,F. Sionil José,1924-12-03,2022-01-06,OL18929A,0.957,top score 95.7 and margin 95.7 meet the thresholds,rule,
20261004T193309Z-145f67,437,Miguel Syjuco,Miguel Syjuco,true,,matched,Q1768256,Miguel Syjuco,1976-11-17,,OL6748233A,0.952,top score 95.2 and margin 95.2 meet the thresholds,rule,
20261004T193309Z-145f67,438,Ma Jian,Ma Jian,true,,matched,Q389454,Ma Jian,1953-08-18,,OL4707037A,0.956,top score 95.6 and margin 21.6 meet the thresholds,rule,
20261004T193309Z-145f67,439,Xue Xinran,Xue Xinran,true,,matched,Q463334,Xue Xinran,1958-01-01,,OL1513661A,0.955,top score 95.5 and margin 95.5 meet the thresholds,rule,
20261004T193309Z-145f67,440,Jung Chang,Jung Chang,true,,matched,Q235291,Jung Chang,1952-03-25,,OL662333A,0.96,top score 96.0 and margin 37.4 meet the thresholds,rule,
20261004T193309Z-145f67,441,Yuval Noah Harari,Yuval Noah Harari,true,,matched,Q2484404,Yuval Noah Harari,1976-02-24,,OL3778242A,0.976,top score 97.6 and margin 97.6 meet the thresholds,rule,
20261004T193309Z-145f67,442,Hannah Arendt,Hannah Arendt,true,,matched,Q60025,Hannah Arendt,1906-10-14,1975-12-04,OL4339286A,0.98,top score 98.0 and margin 55.9 meet the thresholds,rule,
20261004T193309Z-145f67,443,Simone Weil,Simone Weil,true,,matched,Q157309,Simone Weil,1909-02-03,1943-08-24,OL43117A,0.979,top score 97.9 and margin 32.9 meet the thresholds,rule,
20261004T193309Z-145f67,444,Michel Foucault,Michel Foucault,true,,matched,Q44272,Michel Foucault,1926-10-15,1984-06-25,OL4346031A,0.98,top score 98.0 and margin 62.6 meet the thresholds,rule,
20261004T193309Z-145f67,445,Jacques Derrida,Jacques Derrida,true,,matched,Q130631,Jacques Derrida,1930-07-15,2004-10-08,OL23065A,0.98,top score 98.0 and margin 98.0 meet the thresholds,rule,
20261004T193309Z-145f67,446,Roland Barthes,Roland Barthes,true,,matched,Q179109,Roland Barthes,1915-11-12,1980-03-26,OL2645171A,0.975,top score 97.5 and margin 97.5 meet the thresholds,rule,
20261004T193309Z-145f67,447,Edward Said,Edward Said,true,,matched,Q201538,Edward Said,1935-11-01,2003-09-25,OL26322A,0.977,top score 97.7 and margin 38.7 meet the thresholds,rule,
20261004T193309Z-145f67,448,Noam Chomsky,Noam Chomsky,true,,matched,Q9049,Noam Chomsky,1928-12-07,,OL31676A,0.98,top score 98.0 and margin 98.0 meet the thresholds,rule,
20261004T193309Z-145f67,449,Susan Sontag,Susan Sontag,true,,matched,Q152824,Susan Sontag,1933-01-16,2004-12-28,OL33042A,0.978,top score 97.8 and margin 97.8 meet the thresholds,rule,
20261004T193309Z-145f67,450,Rebecca Solnit,Rebecca Solnit,true,,matched,Q2134968,Rebecca Solnit,1961-06-24,,OL22530A,0.96,top score 96.0 and margin 96.0 meet the thresholds,rule,
20261004T193309Z-145f67,451,bell hooks,bell hooks,true,,matched,Q259507,bell hooks,1952-09-25,2021-12-15,OL2631291A,0.968,top score 96.8 and margin 75.1 meet the thresholds,rule,
20261004T193309Z-145f67,452,Judith Butler,Judith Butler,true,,matched,Q219368,Judith Butler,1956-02-24,,OL538504A,0.977,top score 97.7 and margin 32.7 meet the thresholds,rule,
20261004T193309Z-145f67,453,Mary Beard,Mary Beard,true,,matched,Q458403,Mary Beard,1955-01-01,,OL39017A,0.769,top score 96.1 but margin 0.3 is below 10.0; the model chose Q458403: The birth year matches the seed name's more recent author.,slm,
20261004T193309Z-145f67,454,Jared Diamond,Jared Diamond,true,,matched,Q205772,Jared Diamond,1937-09-10,,OL2630733A,0.776,top score 97.0 but margin 2.0 is below 10.0; the model chose Q205772: Occupation as a scientist and historian matches the seed name better than a baseball writer.,slm,
20261004T193309Z-145f67,455,Stephen Hawking,Stephen Hawking,true,,matched,Q17714,Stephen Hawking,1942-01-08,2018-03-14,OL2675573A,0.98,top score 98.0 and margin 19.3 meet the thresholds,rule,
20261004T193309Z-145f67,456,Carl Sagan,Carl Sagan,true,,matched,Q410,Carl Sagan,1934-11-09,1996-12-20,OL450295A,0.98,top score 98.0 and margin 68.5 meet the thresholds,rule,
20261004T193309Z-145f67,457,Richard Dawkins,Richard Dawkins,true,,matched,Q44461,Richard Dawkins,1941-03-26,,OL236174A,0.98,top score 98.0 and margin 24.3 meet the thresholds,rule,
20261004T193309Z-145f67,458,Oliver Sacks,Oliver Sacks,true,,matched,Q258662,Oliver Sacks,1933-07-09,2015-08-30,OL217344A,0.967,top score 96.7 and margin 22.7 meet the thresholds,rule,
20261004T193309Z-145f67,459,Atul Gawande,Atul Gawande,true,,matched,Q2751383,Atul Gawande,1965-11-05,,OL1485501A,0.957,top score 95.7 and margin 95.7 meet the thresholds,rule,
20261004T193309Z-145f67,460,Malcolm Gladwell,Malcolm Gladwell,true,,matched,Q318429,Malcolm Gladwell,1963-09-03,,OL1398754A,0.962,top score 96.2 and margin 96.2 meet the thresholds,rule,
20261004T193309Z-145f67,461,Nassim Nicholas Taleb,Nassim Nicholas Taleb,true,,matched,Q333521,Nassim Nicholas Taleb,1960-09-12,,OL538956A,0.966,top score 96.6 and margin 38.1 meet the thresholds,rule,
20261004T193309Z-145f67,462,Daniel Kahneman,Daniel Kahneman,true,,matched,Q233950,Daniel Kahneman,1934-03-05,2024-03-27,OL2066695A,0.973,top score 97.3 and margin 97.3 meet the thresholds,rule,
20261004T193309Z-145f67,463,Steven Pinker,Steven Pinker,true,,matched,Q212730,Steven Pinker,1954-09-18,,OL29930A,0.969,top score 96.9 and margin 38.6 meet the thresholds,rule,
20261004T193309Z-145f67,464,Rachel Carson,Rachel Carson,true,,matched,Q100948,Rachel Carson,1907-05-27,1964-04-14,OL225621A,0.98,top score 98.0 and margin 33.0 meet the thresholds,rule,
20261004T193309Z-145f67,465,Jane Goodall,Jane Goodall,true,,matched,Q184746,Jane Goodall,1934-04-03,2025-10-01,OL39009A,0.98,top score 98.0 and margin 22.9 meet the thresholds,rule,
20261004T193309Z-145f67,466,Anne Frank,Anne Frank,true,,matched,Q4583,Anne Frank,1929-06-12,1945-02-01,OL446842A,0.83,top score 83.0 and margin 18.0 meet the thresholds,rule,
20261004T193309Z-145f67,467,Viktor Frankl,Viktor Frankl,true,,matched,Q154723,Viktor Frankl,1905-03-26,1997-09-02,OL6200391A,0.974,top score 97.4 and margin 41.0 meet the thresholds,rule,
20261004T193309Z-145f67,468,Elie Wiesel,Elie Wiesel,true,,matched,Q18391,Elie Wiesel,1928-09-30,2016-07-02,OL20891A,0.98,top score 98.0 and margin 43.8 meet the thresholds,rule,
20261004T193309Z-145f67,469,Thich Nhat Hanh,Thich Nhat Hanh,true,,matched,Q310913,Thích Nhất Hạnh,1926-10-11,2022-01-22,OL2623681A,0.969,top score 96.9 and margin 96.9 meet the thresholds,rule,
20261004T193309Z-145f67,470,Laozi,Laozi,true,,matched,Q9333,Laozi,-0604-01-0,-0500-00-0,OL18293A,0.98,top score 98.0 and margin 28.9 meet the thresholds,rule,
20261004T193309Z-145f67,471,Confucius,Confucius,true,,matched,Q4604,Confucius,-0552-10-0,-0479-03-0,OL40315A,0.98,top score 98.0 and margin 42.8 meet the thresholds,rule,
20261004T193309Z-145f67,472,Sun Tzu,Sun Tzu,true,,matched,Q37151,Sun Tzu,-0544-00-0,-0496-00-0,OL30553A,0.784,top score 98.0 but margin 5.3 is below 10.0; the model chose Q37151: The candidate matches the seed name and historical context of Sun Tzu as a Chinese general and military strategist.,slm,
20261004T193309Z-145f67,473,Marcus Aurelius,Marcus Aurelius,true,,matched,Q1430,Marcus Aurelius,0121-04-26,0180-03-17,OL133986A,0.98,top score 98.0 and margin 33.0 meet the thresholds,rule,
20261004T193309Z-145f67,474,Plato,Plato,true,,matched,Q859,Πλάτων,-0427-05-0,-0347-00-0,OL12823A,0.98,top score 98.0 and margin 23.4 meet the thresholds,rule,
20261004T193309Z-145f67,475,Aristotle,Aristotle,true,,matched,Q868,Aristotle,-0384-00-0,-0322-00-0,OL6856645A,0.98,top score 98.0 and margin 21.0 meet the thresholds,rule,
20261004T193309Z-145f67,476,Herodotus,Herodotus,true,,matched,Q26825,Herodotus,-0484-01-0,-0425-01-0,OL90792A,0.98,top score 98.0 and margin 17.9 meet the thresholds,rule,
20261004T193309Z-145f67,477,Thucydides,Thucydides,true,,matched,Q41683,Thucydides,-0460-00-0,-0395-00-0,OL62641A,0.98,top score 98.0 and margin 32.5 meet the thresholds,rule,
20261004T193309Z-145f67,478,Mary Renault,Mary Renault,true,,matched,Q235354,Mary Renault,1905-09-04,1983-12-13,OL710654A,0.959,top score 95.9 and margin 95.9 meet the thresholds,rule,
20261004T193309Z-145f67,479,Anne Rice,Anne Rice,true,,matched,Q184785,Anne Rice,1941-10-04,2021-12-11,OL39486A,0.972,top score 97.2 and margin 23.6 meet the thresholds,rule,
20261004T193309Z-145f67,480,Neil Gaiman,Neil Gaiman,true,,matched,Q210059,Neil Gaiman,1960-11-10,,OL53305A,0.975,top score 97.5 and margin 97.5 meet the thresholds,rule,
20261004T193309Z-145f67,481,Terry Pratchett,Terry Pratchett,true,,matched,Q46248,Terry Pratchett,1948-04-28,2015-03-12,OL25712A,0.98,top score 98.0 and margin 44.8 meet the thresholds,rule,
20261004T193309Z-145f67,482,Douglas Adams,Douglas Adams,true,,matched,Q42,Douglas Adams,1952-03-11,2001-05-11,OL272947A,0.98,top score 98.0 and margin 32.7 meet the thresholds,rule,
20261004T193309Z-145f67,483,George R. R. Martin,George R. R. Martin,true,,matched,Q181677,George R. R. Martin,1948-09-20,,OL234664A,0.784,top score 98.0 but margin 9.4 is below 10.0; the model chose Q181677: The birth year and occupation match the seed name.,slm,
20261004T193309Z-145f67,484,Brandon Sanderson,Brandon Sanderson,true,,matched,Q457608,Brandon Sanderson,1975-12-19,,OL1394865A,0.964,top score 96.4 and margin 96.4 meet the thresholds,rule,
20261004T193309Z-145f67,485,Diana Wynne Jones,Diana Wynne Jones,true,,matched,Q236829,Diana Wynne Jones,1934-08-16,2011-03-26,OL31384A,0.965,top score 96.5 and margin 96.5 meet the thresholds,rule,
20261004T193309Z-145f67,486,Philip Pullman,Philip Pullman,true,,matched,Q190220,Philip Pullman,1946-10-19,,OL26545A,0.972,top score 97.2 and margin 97.2 meet the thresholds,rule,
20261004T193309Z-145f67,487,Roald Dahl,Roald Dahl,true,,matched,Q25161,Roald Dahl,1916-09-13,1990-11-23,OL34184A,0.98,top score 98.0 and margin 39.5 meet the thresholds,rule,
20261004T193309Z-145f67,488,Beatrix Potter,Beatrix Potter,true,,matched,Q214565,Beatrix Potter,1866-07-28,1943-12-22,OL32541A,0.781,top score 97.6 but margin 8.2 is below 10.0; the model chose Q214565: The candidate matches the seed name and is known to be a children's author.,slm,
20261004T193309Z-145f67,489,Dr. Seuss,Dr. Seuss,true,,matched,Q298685,Dr. Seuss,1904-03-02,1991-09-24,OL2622837A,0.974,top score 97.4 and margin 97.4 meet the thresholds,rule,
20261004T193309Z-145f67,490,Theodor Seuss Geisel,Theodor Seuss Geisel,true,,matched,Q298685,Dr. Seuss,1904-03-02,1991-09-24,OL2622837A,0.974,top score 97.4 and margin 97.4 meet the thresholds,rule,Dr. Seuss
20261004T193309Z-145f67,491,Maurice Sendak,Maurice Sendak,true,,matched,Q314771,Maurice Sendak,1928-06-10,2012-05-08,OL366346A,0.965,top score 96.5 and margin 96.5 meet the thresholds,rule,
20261004T193309Z-145f67,492,Shel Silverstein,Shel Silverstein,true,,matched,Q361257,Shel Silverstein,1930-09-25,1999-05-10,OL548174A,0.962,top score 96.2 and margin 96.2 meet the thresholds,rule,
20261004T193309Z-145f67,493,Enid Blyton,Enid Blyton,true,,matched,Q192069,Enid Blyton,1897-08-11,1968-11-28,OL233814A,0.977,top score 97.7 and margin 60.2 meet the thresholds,rule,
20261004T193309Z-145f67,494,Michael Ende,Michael Ende,true,,matched,Q76498,Michael Ende,1929-11-12,1995-08-28,OL296646A,0.972,top score 97.2 and margin 37.2 meet the thresholds,rule,
20261004T193309Z-145f67,495,Cornelia Funke,Cornelia Funke,true,,matched,Q57971,Cornelia Funke,1958-12-10,,OL2704045A,0.964,top score 96.4 and margin 33.6 meet the thresholds,rule,
20261004T193309Z-145f67,496,Jostein Gaarder,Jostein Gaarder,true,,matched,Q185548,Jostein Gaarder,1952-08-08,,OL81486A,0.973,top score 97.3 and margin 49.4 meet the thresholds,rule,
20261004T193309Z-145f67,497,Elena Fortún,Elena Fortún,true,,matched,Q5359012,Elena Fortún,1886-11-17,1952-05-08,OL4211064A,0.954,top score 95.4 and margin 21.7 meet the thresholds,rule,
20261004T193309Z-145f67,498,Gloria Fuertes,Gloria Fuertes,true,,matched,Q3323486,Gloria Fuertes,1917-07-28,1998-11-27,OL191655A,0.957,top score 95.7 and margin 95.7 meet the thresholds,rule,
20261004T193309Z-145f67,499,Anonymous,Anonymous,false,not_an_author,invalid,,,,,,,invalid seed name: not_an_author,rule,
20261004T193309Z-145f67,500,Various Authors,Various Authors,false,not_an_author,invalid,,,,,,,invalid seed name: not_an_author,rule,
