stratum,seed_name,qid,wikidata_url,canonical_name,description,birth_year,death_year,match_status,resolved_by,score,margin,open_library_id,open_library_url,open_library_backlink,agent_verdict,agent_note,correct_human,note_human
rule,Marjane Satrapi,Q126633,https://www.wikidata.org/wiki/Q126633,Marjane Satrapi,"Iranian-French graphic novelist, cartoonist, illustrator, film director, and children's book author (1969–2026)",1969,2026,matched,rule,97.0,53.1,OL1394320A,https://openlibrary.org/authors/OL1394320A,match,correct,Iranian-French author of Persepolis.,correct,Marked by the project author for all 20 rows.
rule,Olga Tokarczuk,Q254032,https://www.wikidata.org/wiki/Q254032,Olga Tokarczuk,Polish writer and activist (born 1962),1962,,matched,rule,98.0,65.6,OL258989A,https://openlibrary.org/authors/OL258989A,match,correct,Polish Nobel laureate.,correct,Marked by the project author for all 20 rows.
rule,J. D. Salinger,Q79904,https://www.wikidata.org/wiki/Q79904,J. D. Salinger,American author (1919–2010),1919,2010,matched,rule,98.0,46.0,OL540486A,https://openlibrary.org/authors/OL540486A,match,correct,Author of The Catcher in the Rye.,correct,Marked by the project author for all 20 rows.
rule,Adolfo Bioy Casares,Q298035,https://www.wikidata.org/wiki/Q298035,Adolfo Bioy Casares,Argentine novelist (1914-1999),1914,1999,matched,rule,96.5,53.0,OL67141A,https://openlibrary.org/authors/OL67141A,match,correct,Argentine author.,correct,Marked by the project author for all 20 rows.
rule,Rumi,Q43347,https://www.wikidata.org/wiki/Q43347,Rumi,Iranian poet,1207,1273,matched,rule,98.0,30.3,OL2659024A,https://openlibrary.org/authors/OL2659024A,match,correct,Persian poet.,correct,Marked by the project author for all 20 rows.
rule,Ramón María del Valle-Inclán,Q311001,https://www.wikidata.org/wiki/Q311001,Ramón María del Valle-Inclán,Spanish author (1866-1936),1866,1936,matched,rule,96.4,96.4,OL2355312A,https://openlibrary.org/authors/OL2355312A,match,correct,Spanish playwright.,correct,Marked by the project author for all 20 rows.
rule,Jorge Luis Borges,Q909,https://www.wikidata.org/wiki/Q909,Jorge Luis Borges,"Argentine writer, essayist, poet and translator (1899–1986)",1899,1986,matched,rule,98.0,37.0,OL18928A,https://openlibrary.org/authors/OL18928A,match,correct,Argentine author.,correct,Marked by the project author for all 20 rows.
rule,William Shakespeare,Q692,https://www.wikidata.org/wiki/Q692,William Shakespeare,English playwright and poet (1564–1616),1564,1616,matched,rule,98.0,17.8,OL9388A,https://openlibrary.org/authors/OL9388A,match,correct,English playwright.,correct,Marked by the project author for all 20 rows.
rule,Kobo Abe,Q186273,https://www.wikidata.org/wiki/Q186273,Kōbō Abe,"Japanese writer, playwright, photographer and inventor",1924,1993,matched,rule,97.2,97.2,OL832531A,https://openlibrary.org/authors/OL832531A,match,correct,Japanese author. The label has a macron.,correct,Marked by the project author for all 20 rows.
rule,Isaac Asimov,Q34981,https://www.wikidata.org/wiki/Q34981,Isaac Asimov,American writer and biochemist (1920–1992),1920,1992,matched,rule,98.0,54.0,OL34221A,https://openlibrary.org/authors/OL34221A,match,correct,Author of science fiction and non-fiction.,correct,Marked by the project author for all 20 rows.
model,Mary Beard,Q458403,https://www.wikidata.org/wiki/Q458403,Mary Beard,English classicist (born 1955),1955,,matched,slm,96.1,0.3,OL39017A,https://openlibrary.org/authors/OL39017A,match,plausible,The classicist (born 1955). The historian Mary Ritter Beard (1876) is another possible target.,correct,Marked by the project author for all 20 rows.
model,Mario Benedetti,Q16285,https://www.wikidata.org/wiki/Q16285,Mario Benedetti,"Uruguayan journalist, novelist, and poet (1920-2009)",1920,2009,matched,slm,96.4,1.3,OL60411A,https://openlibrary.org/authors/OL60411A,match,correct,Uruguayan author (1920-2009).,correct,Marked by the project author for all 20 rows.
model,Jared Diamond,Q205772,https://www.wikidata.org/wiki/Q205772,Jared Diamond,"American scientist, historian, and author (born 1937)",1937,,matched,slm,97.0,2.0,OL540031A,https://openlibrary.org/authors/OL540031A,match,correct,Author of Guns Germs and Steel.,correct,Marked by the project author for all 20 rows.
model,James Baldwin,Q273210,https://www.wikidata.org/wiki/Q273210,James Baldwin,American writer (1924–1987),1924,1987,matched,slm,97.4,2.3,OL391839A,https://openlibrary.org/authors/OL391839A,absent,correct,American author (1924-1987).,correct,Marked by the project author for all 20 rows.
model,Robert Musil,Q78487,https://www.wikidata.org/wiki/Q78487,Robert Musil,Austrian philosophical writer (1880–1942),1880,1942,matched,slm,97.6,2.6,OL135531A,https://openlibrary.org/authors/OL135531A,match,correct,Austrian author.,correct,Marked by the project author for all 20 rows.
model,Robert Browning,Q233265,https://www.wikidata.org/wiki/Q233265,Robert Browning,English poet and playwright (1812–1889),1812,1889,matched,slm,97.9,2.6,OL48850A,https://openlibrary.org/authors/OL48850A,match,correct,English poet (1812-1889).,correct,Marked by the project author for all 20 rows.
model,Primo Levi,Q153670,https://www.wikidata.org/wiki/Q153670,Primo Levi,"Italian chemist, partisan, Holocaust survivor, and writer (1919–1987)",1919,1987,matched,slm,97.8,2.7,OL74802A,https://openlibrary.org/authors/OL74802A,match,correct,Italian author and chemist (1919-1987).,correct,Marked by the project author for all 20 rows.
model,Samuel Johnson,Q183266,https://www.wikidata.org/wiki/Q183266,Samuel Johnson,English writer and lexicographer (1709–1784),1709,1784,matched,slm,98.0,2.7,OL21070A,https://openlibrary.org/authors/OL21070A,match,correct,English lexicographer (1709-1784).,correct,Marked by the project author for all 20 rows.
model,Charles Dickens,Q5686,https://www.wikidata.org/wiki/Q5686,Charles Dickens,English novelist and social critic (1812–1870),1812,1870,matched,slm,98.0,2.8,OL24638A,https://openlibrary.org/authors/OL24638A,match,correct,English novelist.,correct,Marked by the project author for all 20 rows.
model,Henry James,Q170509,https://www.wikidata.org/wiki/Q170509,Henry James,American and British writer (1843–1916),1843,1916,matched,slm,98.0,2.8,OL21001A,https://openlibrary.org/authors/OL21001A,match,correct,American-British novelist (1843-1916).,correct,Marked by the project author for all 20 rows.
