seed_name,correct_human,note_human
Marjane Satrapi,correct,Marked by the project author for all 20 rows.
Olga Tokarczuk,correct,Marked by the project author for all 20 rows.
J. D. Salinger,correct,Marked by the project author for all 20 rows.
Adolfo Bioy Casares,correct,Marked by the project author for all 20 rows.
Rumi,correct,Marked by the project author for all 20 rows.
Ramón María del Valle-Inclán,correct,Marked by the project author for all 20 rows.
Jorge Luis Borges,correct,Marked by the project author for all 20 rows.
William Shakespeare,correct,Marked by the project author for all 20 rows.
Kobo Abe,correct,Marked by the project author for all 20 rows.
Isaac Asimov,correct,Marked by the project author for all 20 rows.
Mary Beard,correct,Marked by the project author for all 20 rows.
Mario Benedetti,correct,Marked by the project author for all 20 rows.
Jared Diamond,correct,Marked by the project author for all 20 rows.
James Baldwin,correct,Marked by the project author for all 20 rows.
Robert Musil,correct,Marked by the project author for all 20 rows.
Robert Browning,correct,Marked by the project author for all 20 rows.
Primo Levi,correct,Marked by the project author for all 20 rows.
Samuel Johnson,correct,Marked by the project author for all 20 rows.
Charles Dickens,correct,Marked by the project author for all 20 rows.
Henry James,correct,Marked by the project author for all 20 rows.
